[
  {
    "id": 1,
    "name": "Ação"
  },
  {
    "id": 2,
    "name": "Aventura"
  },
  {
    "id": 3,
    "name": "Animação"
  },
  {
    "id": 4,
    "name": "Biografia"
  },
  {
    "id": 5,
    "name": "Comédia"
  },
  {
    "id": 6,
    "name": "Crime"
  },
  {
    "id": 7,
    "name": "Documentário"
  },
  {
    "id": 8,
    "name": "Drama"
  },
  {
    "id": 9,
    "name": "Esporte"
  },
  {
    "id": 10,
    "name": "Família"
  },
  {
    "id": 11,
    "name": "Fantasia"
  },
  {
    "id": 12,
    "name": "Ficção Científica"
  },
  {
    "id": 13,
    "name": "Guerra"
  },
  {
    "id": 14,
    "name": "História"
  },
  {
    "id": 15,
    "name": "Mistério"
  },
  {
    "id": 17,
    "name": "Romance"
  },
  {
    "id": 18,
    "name": "Suspense"
  },
  {
    "id": 19,
    "name": "Terror"
  },
  {
    "id": 20,
    "name": "Thriller"
  },
  {
    "id": 21,
    "name": "Faroeste"
  },
  {
    "id": 16,
    "name": "Música"
  }
]