[
  {
    "id": 2,
    "mainSentimentId": 13,
    "createdAt": "2025-05-02T22:50:59.442Z",
    "updatedAt": "2025-05-02T22:50:59.442Z"
  },
  {
    "id": 3,
    "mainSentimentId": 14,
    "createdAt": "2025-05-05T01:03:36.433Z",
    "updatedAt": "2025-05-05T01:02:59.661Z"
  },
  {
    "id": 1,
    "mainSentimentId": 17,
    "createdAt": "2025-05-08T22:00:31.840Z",
    "updatedAt": "2025-05-08T22:00:04.796Z"
  },
  {
    "id": 4,
    "mainSentimentId": 15,
    "createdAt": "2025-05-11T13:10:08.593Z",
    "updatedAt": "2025-05-11T13:09:55.327Z"
  },
  {
    "id": 5,
    "mainSentimentId": 18,
    "createdAt": "2025-05-12T15:16:03.437Z",
    "updatedAt": "2025-05-12T15:15:32.929Z"
  },
  {
    "id": 6,
    "mainSentimentId": 16,
    "createdAt": "2025-05-13T01:06:06.769Z",
    "updatedAt": "2025-05-13T01:05:55.867Z"
  },
  {
    "id": 7,
    "mainSentimentId": 19,
    "createdAt": "2025-05-13T01:38:06.514Z",
    "updatedAt": "2025-05-13T01:37:56.667Z"
  }
]