[
  {
    "id": 7,
    "journeyStepFlowId": 4,
    "optionId": "2B2",
    "text": "...um filme sobre amizade e laços familiares com momentos emocionantes?",
    "nextStepId": null,
    "isEndState": true,
    "createdAt": "2025-05-02T23:42:52.121Z",
    "updatedAt": "2025-05-02T23:41:17.879Z",
    "associatedSubSentimentId": null
  },
  {
    "id": 8,
    "journeyStepFlowId": 4,
    "optionId": "2B3",
    "text": "...uma história inspiradora sobre superação e gentileza?",
    "nextStepId": null,
    "isEndState": true,
    "createdAt": "2025-05-02T23:43:47.282Z",
    "updatedAt": "2025-05-02T23:43:08.399Z",
    "associatedSubSentimentId": null
  },
  {
    "id": 9,
    "journeyStepFlowId": 4,
    "optionId": "2B4",
    "text": "...uma fantasia leve com personagens carismáticos e um toque mágico?",
    "nextStepId": null,
    "isEndState": true,
    "createdAt": "2025-05-02T23:44:37.620Z",
    "updatedAt": "2025-05-02T23:44:08.254Z",
    "associatedSubSentimentId": null
  },
  {
    "id": 6,
    "journeyStepFlowId": 4,
    "optionId": "2B1",
    "text": "...uma comédia romântica com um final doce e feliz?",
    "nextStepId": null,
    "isEndState": true,
    "createdAt": "2025-05-02T22:50:59.442Z",
    "updatedAt": "2025-05-02T23:55:24.027Z",
    "associatedSubSentimentId": null
  },
  {
    "id": 10,
    "journeyStepFlowId": 5,
    "optionId": "2C1",
    "text": "...uma aventura emocionante com muita ação?",
    "nextStepId": null,
    "isEndState": true,
    "createdAt": "2025-05-02T23:58:47.652Z",
    "updatedAt": "2025-05-02T23:58:11.580Z",
    "associatedSubSentimentId": null
  },
  {
    "id": 11,
    "journeyStepFlowId": 5,
    "optionId": "2C2",
    "text": "...um filme de esportes com uma história de superação e vitória?",
    "nextStepId": null,
    "isEndState": true,
    "createdAt": "2025-05-02T23:59:29.053Z",
    "updatedAt": "2025-05-02T23:58:59.923Z",
    "associatedSubSentimentId": null
  },
  {
    "id": 12,
    "journeyStepFlowId": 5,
    "optionId": "2C3",
    "text": "...uma comédia musical vibrante e contagiante?",
    "nextStepId": null,
    "isEndState": true,
    "createdAt": "2025-05-03T00:00:02.673Z",
    "updatedAt": "2025-05-02T23:59:44.743Z",
    "associatedSubSentimentId": null
  },
  {
    "id": 13,
    "journeyStepFlowId": 5,
    "optionId": "2C4",
    "text": "...um filme de fantasia com um ritmo acelerado e mundos fantásticos?",
    "nextStepId": null,
    "isEndState": true,
    "createdAt": "2025-05-03T00:00:31.544Z",
    "updatedAt": "2025-05-03T00:00:14.142Z",
    "associatedSubSentimentId": null
  },
  {
    "id": 14,
    "journeyStepFlowId": 6,
    "optionId": "2D1",
    "text": "...uma certa época da sua vida (infância, adolescência)?",
    "nextStepId": null,
    "isEndState": true,
    "createdAt": "2025-05-03T00:05:44.870Z",
    "updatedAt": "2025-05-03T00:04:56.314Z",
    "associatedSubSentimentId": null
  },
  {
    "id": 16,
    "journeyStepFlowId": 6,
    "optionId": "2D3",
    "text": "...animações antigas que te trazem boas recordações?",
    "nextStepId": null,
    "isEndState": true,
    "createdAt": "2025-05-03T00:06:58.533Z",
    "updatedAt": "2025-05-03T00:06:28.110Z",
    "associatedSubSentimentId": null
  },
  {
    "id": 17,
    "journeyStepFlowId": 6,
    "optionId": "2D4",
    "text": " ...filmes com temas ou trilhas sonoras que te remetem a momentos felizes?",
    "nextStepId": null,
    "isEndState": true,
    "createdAt": "2025-05-03T00:07:26.238Z",
    "updatedAt": "2025-05-03T00:07:06.513Z",
    "associatedSubSentimentId": null
  },
  {
    "id": 43,
    "journeyStepFlowId": 12,
    "optionId": "2D1",
    "text": "...um drama mais contemplativo e com foco nos personagens?",
    "nextStepId": "2D",
    "isEndState": true,
    "createdAt": "2025-05-06T00:25:18.487Z",
    "updatedAt": "2025-05-06T00:24:54.605Z",
    "associatedSubSentimentId": null
  },
  {
    "id": 44,
    "journeyStepFlowId": 12,
    "optionId": "2D2",
    "text": "...um filme com questões filosóficas ou existenciais?",
    "nextStepId": "2D",
    "isEndState": true,
    "createdAt": "2025-05-06T00:26:07.689Z",
    "updatedAt": "2025-05-06T00:25:45.948Z",
    "associatedSubSentimentId": null
  },
  {
    "id": 45,
    "journeyStepFlowId": 12,
    "optionId": "2D3",
    "text": "...um documentário inspirador sobre a condição humana?",
    "nextStepId": "2D",
    "isEndState": true,
    "createdAt": "2025-05-06T00:26:49.253Z",
    "updatedAt": "2025-05-06T00:26:29.365Z",
    "associatedSubSentimentId": null
  },
  {
    "id": 46,
    "journeyStepFlowId": 12,
    "optionId": "2D4",
    "text": "...um filme estrangeiro com uma perspectiva cultural diferente?",
    "nextStepId": "2D",
    "isEndState": true,
    "createdAt": "2025-05-06T00:29:12.114Z",
    "updatedAt": "2025-05-06T00:28:46.029Z",
    "associatedSubSentimentId": null
  },
  {
    "id": 47,
    "journeyStepFlowId": 13,
    "optionId": "3D1",
    "text": "Na faixa dos 13-19 anos",
    "nextStepId": null,
    "isEndState": true,
    "createdAt": "2025-05-06T20:13:33.559Z",
    "updatedAt": "2025-05-06T20:12:34.768Z",
    "associatedSubSentimentId": null
  },
  {
    "id": 21,
    "journeyStepFlowId": 7,
    "optionId": "2A2",
    "text": "...inteligente e com diálogos afiados?",
    "nextStepId": null,
    "isEndState": true,
    "createdAt": "2025-05-03T14:47:45.391Z",
    "updatedAt": "2025-05-03T14:47:23.740Z",
    "associatedSubSentimentId": null
  },
  {
    "id": 22,
    "journeyStepFlowId": 7,
    "optionId": "2A3",
    "text": "...satírico e que faz pensar enquanto diverte?",
    "nextStepId": null,
    "isEndState": true,
    "createdAt": "2025-05-03T14:48:32.208Z",
    "updatedAt": "2025-05-03T14:48:10.226Z",
    "associatedSubSentimentId": null
  },
  {
    "id": 23,
    "journeyStepFlowId": 7,
    "optionId": "2A4",
    "text": "...comédia romântica leve e divertida?",
    "nextStepId": null,
    "isEndState": true,
    "createdAt": "2025-05-03T14:49:19.639Z",
    "updatedAt": "2025-05-03T14:48:54.172Z",
    "associatedSubSentimentId": null
  },
  {
    "id": 25,
    "journeyStepFlowId": 2,
    "optionId": "1B",
    "text": "...com um calor no coração e uma sensação adorável?",
    "nextStepId": "2B",
    "isEndState": false,
    "createdAt": "2025-05-03T14:52:58.677Z",
    "updatedAt": "2025-05-03T14:52:09.936Z",
    "associatedSubSentimentId": null
  },
  {
    "id": 26,
    "journeyStepFlowId": 2,
    "optionId": "1C",
    "text": "...empolgado(a) e cheio(a) de energia?",
    "nextStepId": "2C",
    "isEndState": false,
    "createdAt": "2025-05-03T14:53:46.390Z",
    "updatedAt": "2025-05-03T14:52:59.551Z",
    "associatedSubSentimentId": null
  },
  {
    "id": 27,
    "journeyStepFlowId": 2,
    "optionId": "1D",
    "text": " ...com aquela nostalgia gostosa de boas lembranças?",
    "nextStepId": "2D",
    "isEndState": false,
    "createdAt": "2025-05-03T14:54:35.727Z",
    "updatedAt": "2025-05-03T14:53:48.803Z",
    "associatedSubSentimentId": null
  },
  {
    "id": 48,
    "journeyStepFlowId": 13,
    "optionId": "3D2",
    "text": "Na faixa dos 20-30 anos",
    "nextStepId": null,
    "isEndState": true,
    "createdAt": "2025-05-06T20:15:15.711Z",
    "updatedAt": "2025-05-06T20:13:54.259Z",
    "associatedSubSentimentId": null
  },
  {
    "id": 15,
    "journeyStepFlowId": 6,
    "optionId": "2D2",
    "text": "...filmes clássicos que marcaram uma geração?",
    "nextStepId": "3D",
    "isEndState": false,
    "createdAt": "2025-05-03T00:06:23.288Z",
    "updatedAt": "2025-05-06T20:55:46.245Z",
    "associatedSubSentimentId": null
  },
  {
    "id": 49,
    "journeyStepFlowId": 13,
    "optionId": "3D3",
    "text": "Na faixa dos 40-50 anos",
    "nextStepId": null,
    "isEndState": true,
    "createdAt": "2025-05-06T20:58:04.688Z",
    "updatedAt": "2025-05-06T20:57:18.236Z",
    "associatedSubSentimentId": null
  },
  {
    "id": 28,
    "journeyStepFlowId": 8,
    "optionId": "1A",
    "text": "...me permita sentir essas emoções (uma catarse)?",
    "nextStepId": "2A",
    "isEndState": false,
    "createdAt": "2025-05-05T01:15:16.353Z",
    "updatedAt": "2025-05-06T00:00:10.506Z",
    "associatedSubSentimentId": null
  },
  {
    "id": 29,
    "journeyStepFlowId": 8,
    "optionId": "1B",
    "text": "...me ofereça um escape leve e divertido?",
    "nextStepId": "2B",
    "isEndState": false,
    "createdAt": "2025-05-05T01:18:35.874Z",
    "updatedAt": "2025-05-06T00:00:10.506Z",
    "associatedSubSentimentId": null
  },
  {
    "id": 30,
    "journeyStepFlowId": 8,
    "optionId": "1C",
    "text": "...me traga conforto e um senso de segurança?",
    "nextStepId": "2C",
    "isEndState": false,
    "createdAt": "2025-05-05T01:19:59.978Z",
    "updatedAt": "2025-05-06T00:00:10.506Z",
    "associatedSubSentimentId": null
  },
  {
    "id": 31,
    "journeyStepFlowId": 8,
    "optionId": "1D",
    "text": "...me faça refletir sobre a vida e talvez encontrar algum significado?",
    "nextStepId": "2D",
    "isEndState": false,
    "createdAt": "2025-05-05T01:21:09.373Z",
    "updatedAt": "2025-05-06T00:00:10.506Z",
    "associatedSubSentimentId": null
  },
  {
    "id": 32,
    "journeyStepFlowId": 9,
    "optionId": "2A1",
    "text": "...um drama profundo e tocante?",
    "nextStepId": null,
    "isEndState": true,
    "createdAt": "2025-05-06T00:03:18.794Z",
    "updatedAt": "2025-05-06T00:02:28.752Z",
    "associatedSubSentimentId": null
  },
  {
    "id": 33,
    "journeyStepFlowId": 9,
    "optionId": "2A2",
    "text": "...uma história de superação em meio à adversidade?",
    "nextStepId": "2A",
    "isEndState": true,
    "createdAt": "2025-05-06T00:11:37.344Z",
    "updatedAt": "2025-05-06T00:10:31.314Z",
    "associatedSubSentimentId": null
  },
  {
    "id": 34,
    "journeyStepFlowId": 9,
    "optionId": "2A3",
    "text": "...um romance melancólico e contemplativo?",
    "nextStepId": "2A",
    "isEndState": true,
    "createdAt": "2025-05-06T00:13:37.151Z",
    "updatedAt": "2025-05-06T00:13:03.906Z",
    "associatedSubSentimentId": null
  },
  {
    "id": 35,
    "journeyStepFlowId": 10,
    "optionId": "2B1",
    "text": "...uma comédia leve e talvez um pouco bobinha para distrair a mente?",
    "nextStepId": "2B",
    "isEndState": true,
    "createdAt": "2025-05-06T00:17:02.546Z",
    "updatedAt": "2025-05-06T00:16:10.675Z",
    "associatedSubSentimentId": null
  },
  {
    "id": 36,
    "journeyStepFlowId": 10,
    "optionId": "2B2",
    "text": "...uma animação divertida e colorida?",
    "nextStepId": "2B",
    "isEndState": true,
    "createdAt": "2025-05-06T00:18:02.443Z",
    "updatedAt": "2025-05-06T00:17:25.379Z",
    "associatedSubSentimentId": null
  },
  {
    "id": 37,
    "journeyStepFlowId": 10,
    "optionId": "2B3",
    "text": "...uma aventura leve e sem grandes dramas?",
    "nextStepId": "2B",
    "isEndState": true,
    "createdAt": "2025-05-06T00:19:12.190Z",
    "updatedAt": "2025-05-06T00:18:38.916Z",
    "associatedSubSentimentId": null
  },
  {
    "id": 38,
    "journeyStepFlowId": 10,
    "optionId": "2B4",
    "text": "...uma comédia romântica com um final feliz garantido?",
    "nextStepId": "2B",
    "isEndState": true,
    "createdAt": "2025-05-06T00:19:54.845Z",
    "updatedAt": "2025-05-06T00:19:27.819Z",
    "associatedSubSentimentId": null
  },
  {
    "id": 39,
    "journeyStepFlowId": 11,
    "optionId": "2C1",
    "text": " ...um filme familiar que você já conhece e gosta muito?",
    "nextStepId": "2C",
    "isEndState": true,
    "createdAt": "2025-05-06T00:21:21.513Z",
    "updatedAt": "2025-05-06T00:20:52.733Z",
    "associatedSubSentimentId": null
  },
  {
    "id": 40,
    "journeyStepFlowId": 11,
    "optionId": "2C2",
    "text": " ...uma fantasia com um mundo acolhedor e personagens reconfortantes?",
    "nextStepId": "2C",
    "isEndState": true,
    "createdAt": "2025-05-06T00:22:12.545Z",
    "updatedAt": "2025-05-06T00:21:43.464Z",
    "associatedSubSentimentId": null
  },
  {
    "id": 41,
    "journeyStepFlowId": 11,
    "optionId": "2C3",
    "text": " ...uma ficção científica com um final otimista e um senso de ordem?",
    "nextStepId": "2C",
    "isEndState": true,
    "createdAt": "2025-05-06T00:22:54.698Z",
    "updatedAt": "2025-05-06T00:22:33.472Z",
    "associatedSubSentimentId": null
  },
  {
    "id": 42,
    "journeyStepFlowId": 11,
    "optionId": "2C4",
    "text": " ...um filme sobre a natureza ou viagens com paisagens relaxantes?",
    "nextStepId": "2C",
    "isEndState": true,
    "createdAt": "2025-05-06T00:23:50.040Z",
    "updatedAt": "2025-05-06T00:23:25.236Z",
    "associatedSubSentimentId": null
  },
  {
    "id": 50,
    "journeyStepFlowId": 13,
    "optionId": "3D4",
    "text": "Na faixa dos 60-70 anos",
    "nextStepId": null,
    "isEndState": true,
    "createdAt": "2025-05-06T21:05:27.401Z",
    "updatedAt": "2025-05-06T21:04:58.891Z",
    "associatedSubSentimentId": null
  },
  {
    "id": 51,
    "journeyStepFlowId": 13,
    "optionId": "3D5",
    "text": "Acima de 70 anos",
    "nextStepId": null,
    "isEndState": true,
    "createdAt": "2025-05-06T21:06:05.675Z",
    "updatedAt": "2025-05-06T21:05:36.364Z",
    "associatedSubSentimentId": null
  },
  {
    "id": 24,
    "journeyStepFlowId": 2,
    "optionId": "1A",
    "text": "...que me faça rir fácil e um humor contagiante?",
    "nextStepId": "2A",
    "isEndState": false,
    "createdAt": "2025-05-03T14:52:04.140Z",
    "updatedAt": "2025-05-08T20:24:03.826Z",
    "associatedSubSentimentId": null
  },
  {
    "id": 1,
    "journeyStepFlowId": 1,
    "optionId": "1A",
    "text": "...igualmente energético e vibrante?",
    "nextStepId": "2A",
    "isEndState": false,
    "createdAt": "2025-05-08T22:08:50.582Z",
    "updatedAt": "2025-05-08T22:07:53.222Z",
    "associatedSubSentimentId": null
  },
  {
    "id": 2,
    "journeyStepFlowId": 1,
    "optionId": "1B",
    "text": "...uma aventura emocionante que te prenda do início ao fim?",
    "nextStepId": "2B",
    "isEndState": false,
    "createdAt": "2025-05-08T22:12:54.019Z",
    "updatedAt": "2025-05-08T22:12:13.338Z",
    "associatedSubSentimentId": null
  },
  {
    "id": 3,
    "journeyStepFlowId": 1,
    "optionId": "1C",
    "text": "...algo inspirador e motivacional?",
    "nextStepId": "2C",
    "isEndState": false,
    "createdAt": "2025-05-08T22:15:11.038Z",
    "updatedAt": "2025-05-08T22:14:46.882Z",
    "associatedSubSentimentId": null
  },
  {
    "id": 4,
    "journeyStepFlowId": 1,
    "optionId": "1D",
    "text": "..uma experiência divertida e contagiante para compartilhar essa animação?",
    "nextStepId": "2D",
    "isEndState": false,
    "createdAt": "2025-05-08T22:16:07.595Z",
    "updatedAt": "2025-05-08T22:15:48.537Z",
    "associatedSubSentimentId": null
  },
  {
    "id": 5,
    "journeyStepFlowId": 3,
    "optionId": "2A1",
    "text": "...muita ação e ritmo acelerado?",
    "nextStepId": null,
    "isEndState": true,
    "createdAt": "2025-05-08T22:28:31.455Z",
    "updatedAt": "2025-05-08T22:27:34.473Z",
    "associatedSubSentimentId": null
  },
  {
    "id": 52,
    "journeyStepFlowId": 9,
    "optionId": "2A4",
    "text": "...um drama pessoal, uma história de perda, ou algo que explore a fragilidade da condição humana?",
    "nextStepId": null,
    "isEndState": true,
    "createdAt": "2025-05-09T22:23:03.262Z",
    "updatedAt": "2025-05-09T22:23:03.262Z",
    "associatedSubSentimentId": null
  },
  {
    "id": 54,
    "journeyStepFlowId": 3,
    "optionId": "2A2",
    "text": "...uma trilha sonora empolgante e marcante?",
    "nextStepId": null,
    "isEndState": true,
    "createdAt": "2025-05-09T22:38:15.339Z",
    "updatedAt": "2025-05-09T22:37:34.855Z",
    "associatedSubSentimentId": null
  },
  {
    "id": 120,
    "journeyStepFlowId": 32,
    "optionId": "2A3",
    "text": "...familiar e reconfortante, como um filme que você já conhece e gosta?",
    "nextStepId": null,
    "isEndState": true,
    "createdAt": "2025-05-13T01:22:50.767Z",
    "updatedAt": "2025-05-13T01:21:49.291Z",
    "associatedSubSentimentId": null
  },
  {
    "id": 98,
    "journeyStepFlowId": 27,
    "optionId": "2A1",
    "text": "...uma comédia com situações absurdas para rir sem pensar muito?",
    "nextStepId": null,
    "isEndState": true,
    "createdAt": "2025-05-12T22:48:19.890Z",
    "updatedAt": "2025-05-12T22:48:19.890Z",
    "associatedSubSentimentId": null
  },
  {
    "id": 100,
    "journeyStepFlowId": 27,
    "optionId": "2A3",
    "text": "...uma comédia romântica com um final previsível e agradável?",
    "nextStepId": null,
    "isEndState": true,
    "createdAt": "2025-05-12T22:50:17.093Z",
    "updatedAt": "2025-05-12T22:50:17.093Z",
    "associatedSubSentimentId": null
  },
  {
    "id": 102,
    "journeyStepFlowId": 28,
    "optionId": "2B1",
    "text": "...a superação de grandes desafios por pessoas comuns?",
    "nextStepId": null,
    "isEndState": true,
    "createdAt": "2025-05-12T23:53:06.494Z",
    "updatedAt": "2025-05-12T23:53:06.494Z",
    "associatedSubSentimentId": null
  },
  {
    "id": 104,
    "journeyStepFlowId": 28,
    "optionId": "2B3",
    "text": "...o poder da perseverança e da resiliência?",
    "nextStepId": null,
    "isEndState": true,
    "createdAt": "2025-05-12T23:55:20.933Z",
    "updatedAt": "2025-05-12T23:55:20.933Z",
    "associatedSubSentimentId": null
  },
  {
    "id": 106,
    "journeyStepFlowId": 29,
    "optionId": "2C1",
    "text": "...um filme que você já viu várias vezes e sabe que gosta?",
    "nextStepId": null,
    "isEndState": true,
    "createdAt": "2025-05-12T23:57:17.931Z",
    "updatedAt": "2025-05-12T23:57:17.931Z",
    "associatedSubSentimentId": null
  },
  {
    "id": 108,
    "journeyStepFlowId": 29,
    "optionId": "2C3",
    "text": "...um filme com personagens cativantes com quem você se identifica?",
    "nextStepId": null,
    "isEndState": true,
    "createdAt": "2025-05-12T23:58:47.530Z",
    "updatedAt": "2025-05-12T23:58:47.530Z",
    "associatedSubSentimentId": null
  },
  {
    "id": 110,
    "journeyStepFlowId": 30,
    "optionId": "2D1",
    "text": "...um universo de fantasia com magia e seres incríveis?",
    "nextStepId": null,
    "isEndState": true,
    "createdAt": "2025-05-13T00:00:47.624Z",
    "updatedAt": "2025-05-13T00:00:47.624Z",
    "associatedSubSentimentId": null
  },
  {
    "id": 112,
    "journeyStepFlowId": 30,
    "optionId": "2D3",
    "text": "...uma realidade alternativa com regras diferentes?",
    "nextStepId": null,
    "isEndState": true,
    "createdAt": "2025-05-13T00:02:22.146Z",
    "updatedAt": "2025-05-13T00:02:22.146Z",
    "associatedSubSentimentId": null
  },
  {
    "id": 114,
    "journeyStepFlowId": 31,
    "optionId": "1A",
    "text": "...te ajude a distrair a mente e relaxar?",
    "nextStepId": "2A",
    "isEndState": false,
    "createdAt": "2025-05-13T01:11:07.187Z",
    "updatedAt": "2025-05-13T01:10:28.818Z",
    "associatedSubSentimentId": null
  },
  {
    "id": 116,
    "journeyStepFlowId": 31,
    "optionId": "1C",
    "text": "...explore temas de tensão e suspense de uma forma que você consegue lidar?",
    "nextStepId": "2C",
    "isEndState": false,
    "createdAt": "2025-05-13T01:13:26.355Z",
    "updatedAt": "2025-05-13T01:12:56.233Z",
    "associatedSubSentimentId": null
  },
  {
    "id": 118,
    "journeyStepFlowId": 32,
    "optionId": "2A1",
    "text": "...leve e divertido, como uma comédia?",
    "nextStepId": null,
    "isEndState": true,
    "createdAt": "2025-05-13T01:20:09.431Z",
    "updatedAt": "2025-05-13T01:19:25.644Z",
    "associatedSubSentimentId": null
  },
  {
    "id": 122,
    "journeyStepFlowId": 33,
    "optionId": "2B2",
    "text": "...uma aventura emocionante com ação constante?",
    "nextStepId": null,
    "isEndState": true,
    "createdAt": "2025-05-13T01:30:04.960Z",
    "updatedAt": "2025-05-13T01:29:38.635Z",
    "associatedSubSentimentId": null
  },
  {
    "id": 124,
    "journeyStepFlowId": 34,
    "optionId": "2C1",
    "text": "...psicológico, com foco na mente dos personagens?",
    "nextStepId": null,
    "isEndState": true,
    "createdAt": "2025-05-13T01:32:16.199Z",
    "updatedAt": "2025-05-13T01:31:38.900Z",
    "associatedSubSentimentId": null
  },
  {
    "id": 126,
    "journeyStepFlowId": 34,
    "optionId": "2C3",
    "text": "...com elementos de mistério que te façam tentar decifrar a história?",
    "nextStepId": null,
    "isEndState": true,
    "createdAt": "2025-05-13T01:34:09.812Z",
    "updatedAt": "2025-05-13T01:33:42.628Z",
    "associatedSubSentimentId": null
  },
  {
    "id": 128,
    "journeyStepFlowId": 35,
    "optionId": "2D2",
    "text": "...uma história com um final justo e satisfatório?",
    "nextStepId": null,
    "isEndState": true,
    "createdAt": "2025-05-13T01:35:57.990Z",
    "updatedAt": "2025-05-13T01:35:33.325Z",
    "associatedSubSentimentId": null
  },
  {
    "id": 130,
    "journeyStepFlowId": 36,
    "optionId": "1A",
    "text": "...algo que esteja em alta ou sendo muito comentado?",
    "nextStepId": "2A",
    "isEndState": false,
    "createdAt": "2025-05-13T01:40:54.793Z",
    "updatedAt": "2025-05-13T01:40:31.148Z",
    "associatedSubSentimentId": null
  },
  {
    "id": 132,
    "journeyStepFlowId": 36,
    "optionId": "1C",
    "text": "...algo visualmente interessante ou com uma direção renomada?",
    "nextStepId": "2C",
    "isEndState": false,
    "createdAt": "2025-05-13T01:43:03.345Z",
    "updatedAt": "2025-05-13T01:42:40.343Z",
    "associatedSubSentimentId": null
  },
  {
    "id": 134,
    "journeyStepFlowId": 37,
    "optionId": "2A1",
    "text": "...um lançamento recente que está gerando burburinho?",
    "nextStepId": null,
    "isEndState": true,
    "createdAt": "2025-05-13T01:49:30.155Z",
    "updatedAt": "2025-05-13T01:49:04.954Z",
    "associatedSubSentimentId": null
  },
  {
    "id": 136,
    "journeyStepFlowId": 37,
    "optionId": "2A3",
    "text": "...um filme premiado que recebeu reconhecimento da crítica?",
    "nextStepId": null,
    "isEndState": true,
    "createdAt": "2025-05-13T01:51:08.335Z",
    "updatedAt": "2025-05-13T01:50:40.353Z",
    "associatedSubSentimentId": null
  },
  {
    "id": 90,
    "journeyStepFlowId": 26,
    "optionId": "1A",
    "text": "...algo leve e divertido para desligar a mente?",
    "nextStepId": "2A",
    "isEndState": false,
    "createdAt": "2025-05-12T21:19:40.785Z",
    "updatedAt": "2025-05-12T22:43:38.494Z",
    "associatedSubSentimentId": null
  },
  {
    "id": 91,
    "journeyStepFlowId": 26,
    "optionId": "1B",
    "text": "...algo inspirador ou motivacional para te dar um novo gás?",
    "nextStepId": "2B",
    "isEndState": false,
    "createdAt": "2025-05-12T21:21:19.698Z",
    "updatedAt": "2025-05-12T22:44:12.807Z",
    "associatedSubSentimentId": null
  },
  {
    "id": 92,
    "journeyStepFlowId": 26,
    "optionId": "1C",
    "text": "...algo confortante e familiar que não exija muito esforço para acompanhar?",
    "nextStepId": "2C",
    "isEndState": false,
    "createdAt": "2025-05-12T21:22:12.333Z",
    "updatedAt": "2025-05-12T22:44:12.807Z",
    "associatedSubSentimentId": null
  },
  {
    "id": 93,
    "journeyStepFlowId": 26,
    "optionId": "1D",
    "text": "...algo que te permita escapar completamente da realidade?",
    "nextStepId": "2D",
    "isEndState": false,
    "createdAt": "2025-05-12T21:23:06.918Z",
    "updatedAt": "2025-05-12T22:44:12.807Z",
    "associatedSubSentimentId": null
  },
  {
    "id": 99,
    "journeyStepFlowId": 27,
    "optionId": "2A2",
    "text": "...uma animação divertida e colorida com humor simples?",
    "nextStepId": null,
    "isEndState": true,
    "createdAt": "2025-05-12T22:49:24.883Z",
    "updatedAt": "2025-05-12T22:49:24.883Z",
    "associatedSubSentimentId": null
  },
  {
    "id": 101,
    "journeyStepFlowId": 27,
    "optionId": "2A4",
    "text": "...um filme de aventura com um tom mais descontraído e sem grandes dramas?",
    "nextStepId": null,
    "isEndState": true,
    "createdAt": "2025-05-12T22:51:05.342Z",
    "updatedAt": "2025-05-12T22:51:05.342Z",
    "associatedSubSentimentId": null
  },
  {
    "id": 103,
    "journeyStepFlowId": 28,
    "optionId": "2B2",
    "text": "...a realização de sonhos ambiciosos apesar dos obstáculos?",
    "nextStepId": null,
    "isEndState": true,
    "createdAt": "2025-05-12T23:54:25.714Z",
    "updatedAt": "2025-05-12T23:54:25.714Z",
    "associatedSubSentimentId": null
  },
  {
    "id": 105,
    "journeyStepFlowId": 28,
    "optionId": "2B4",
    "text": "..uma jornada de autodescoberta e crescimento pessoal?",
    "nextStepId": null,
    "isEndState": true,
    "createdAt": "2025-05-12T23:56:01.899Z",
    "updatedAt": "2025-05-12T23:56:01.899Z",
    "associatedSubSentimentId": null
  },
  {
    "id": 107,
    "journeyStepFlowId": 29,
    "optionId": "2C2",
    "text": "...um filme de um gênero específico que sempre te acalma e diverte?",
    "nextStepId": null,
    "isEndState": true,
    "createdAt": "2025-05-12T23:58:02.004Z",
    "updatedAt": "2025-05-12T23:58:02.004Z",
    "associatedSubSentimentId": null
  },
  {
    "id": 109,
    "journeyStepFlowId": 29,
    "optionId": "2C4",
    "text": "..algo com uma narrativa simples e um final feliz garantido?",
    "nextStepId": null,
    "isEndState": true,
    "createdAt": "2025-05-12T23:59:31.205Z",
    "updatedAt": "2025-05-12T23:59:31.205Z",
    "associatedSubSentimentId": null
  },
  {
    "id": 111,
    "journeyStepFlowId": 30,
    "optionId": "2D2",
    "text": "...um futuro distante com tecnologia avançada e exploração espacial?",
    "nextStepId": null,
    "isEndState": true,
    "createdAt": "2025-05-13T00:01:32.770Z",
    "updatedAt": "2025-05-13T00:01:32.770Z",
    "associatedSubSentimentId": null
  },
  {
    "id": 113,
    "journeyStepFlowId": 30,
    "optionId": "2D4",
    "text": "...um mundo de animação visualmente deslumbrante?",
    "nextStepId": null,
    "isEndState": true,
    "createdAt": "2025-05-13T00:03:07.662Z",
    "updatedAt": "2025-05-13T00:03:07.662Z",
    "associatedSubSentimentId": null
  },
  {
    "id": 115,
    "journeyStepFlowId": 31,
    "optionId": "1B",
    "text": "...te prenda na história, afastando os pensamentos da ansiedade?",
    "nextStepId": "2B",
    "isEndState": false,
    "createdAt": "2025-05-13T01:12:36.014Z",
    "updatedAt": "2025-05-13T01:11:50.222Z",
    "associatedSubSentimentId": null
  },
  {
    "id": 117,
    "journeyStepFlowId": 31,
    "optionId": "1D",
    "text": "...te ofereça um senso de controle e alívio ao final?",
    "nextStepId": "2D",
    "isEndState": false,
    "createdAt": "2025-05-13T01:14:12.247Z",
    "updatedAt": "2025-05-13T01:13:45.256Z",
    "associatedSubSentimentId": null
  },
  {
    "id": 119,
    "journeyStepFlowId": 32,
    "optionId": "2A2",
    "text": "...visualmente calmante, como um filme com belas paisagens ou animações suaves?",
    "nextStepId": "2A",
    "isEndState": true,
    "createdAt": "2025-05-13T01:21:21.691Z",
    "updatedAt": "2025-05-13T01:20:35.838Z",
    "associatedSubSentimentId": null
  },
  {
    "id": 121,
    "journeyStepFlowId": 33,
    "optionId": "2B1",
    "text": "...um suspense intrigante que te faça focar na resolução do mistério?",
    "nextStepId": null,
    "isEndState": true,
    "createdAt": "2025-05-13T01:29:17.978Z",
    "updatedAt": "2025-05-13T01:28:40.430Z",
    "associatedSubSentimentId": null
  },
  {
    "id": 123,
    "journeyStepFlowId": 33,
    "optionId": "2B3",
    "text": "...uma ficção científica com um mundo fascinante para explorar?",
    "nextStepId": null,
    "isEndState": true,
    "createdAt": "2025-05-13T01:31:13.074Z",
    "updatedAt": "2025-05-13T01:30:33.210Z",
    "associatedSubSentimentId": null
  },
  {
    "id": 125,
    "journeyStepFlowId": 34,
    "optionId": "2C2",
    "text": "...com uma tensão crescente e reviravoltas inesperadas?",
    "nextStepId": null,
    "isEndState": true,
    "createdAt": "2025-05-13T01:33:14.356Z",
    "updatedAt": "2025-05-13T01:32:47.868Z",
    "associatedSubSentimentId": null
  },
  {
    "id": 127,
    "journeyStepFlowId": 35,
    "optionId": "2D1",
    "text": "...personagens superando grandes desafios?",
    "nextStepId": null,
    "isEndState": true,
    "createdAt": "2025-05-13T01:35:03.417Z",
    "updatedAt": "2025-05-13T01:34:36.897Z",
    "associatedSubSentimentId": null
  },
  {
    "id": 129,
    "journeyStepFlowId": 35,
    "optionId": "2D3",
    "text": "...uma narrativa onde a ordem é restaurada após o caos?",
    "nextStepId": null,
    "isEndState": true,
    "createdAt": "2025-05-13T01:36:42.896Z",
    "updatedAt": "2025-05-13T01:36:22.304Z",
    "associatedSubSentimentId": null
  },
  {
    "id": 131,
    "journeyStepFlowId": 36,
    "optionId": "1B",
    "text": "...algum gênero específico que você geralmente gosta ou tem curiosidade em explorar?",
    "nextStepId": "2B",
    "isEndState": false,
    "createdAt": "2025-05-13T01:42:05.894Z",
    "updatedAt": "2025-05-13T01:40:57.163Z",
    "associatedSubSentimentId": null
  },
  {
    "id": 133,
    "journeyStepFlowId": 36,
    "optionId": "1D",
    "text": "...algo curto e direto que não exija muito investimento de tempo ou emoção?",
    "nextStepId": "2D",
    "isEndState": false,
    "createdAt": "2025-05-13T01:43:51.302Z",
    "updatedAt": "2025-05-13T01:43:22.929Z",
    "associatedSubSentimentId": null
  },
  {
    "id": 135,
    "journeyStepFlowId": 37,
    "optionId": "2A2",
    "text": "...um clássico aclamado que muitas pessoas recomendam?",
    "nextStepId": null,
    "isEndState": true,
    "createdAt": "2025-05-13T01:50:20.937Z",
    "updatedAt": "2025-05-13T01:49:53.306Z",
    "associatedSubSentimentId": null
  },
  {
    "id": 137,
    "journeyStepFlowId": 37,
    "optionId": "2A4",
    "text": "...algo que esteja popular nas plataformas de streaming no momento?",
    "nextStepId": null,
    "isEndState": true,
    "createdAt": "2025-05-13T01:51:53.504Z",
    "updatedAt": "2025-05-13T01:51:28.849Z",
    "associatedSubSentimentId": null
  },
  {
    "id": 139,
    "journeyStepFlowId": 39,
    "optionId": "2C1",
    "text": "...filmes com efeitos visuais impressionantes?",
    "nextStepId": null,
    "isEndState": true,
    "createdAt": "2025-05-13T01:54:46.243Z",
    "updatedAt": "2025-05-13T01:53:20.604Z",
    "associatedSubSentimentId": null
  },
  {
    "id": 140,
    "journeyStepFlowId": 39,
    "optionId": "2C2",
    "text": "...filmes com uma fotografia cinematográfica marcante?",
    "nextStepId": null,
    "isEndState": true,
    "createdAt": "2025-05-13T01:55:37.609Z",
    "updatedAt": "2025-05-13T01:55:12.013Z",
    "associatedSubSentimentId": null
  },
  {
    "id": 141,
    "journeyStepFlowId": 39,
    "optionId": "2C3",
    "text": "...filmes dirigidos por algum diretor que você admira?",
    "nextStepId": null,
    "isEndState": true,
    "createdAt": "2025-05-13T01:56:18.792Z",
    "updatedAt": "2025-05-13T01:55:57.608Z",
    "associatedSubSentimentId": null
  },
  {
    "id": 142,
    "journeyStepFlowId": 39,
    "optionId": "2C4",
    "text": "...filmes conhecidos por sua estética única?",
    "nextStepId": null,
    "isEndState": true,
    "createdAt": "2025-05-13T01:57:02.213Z",
    "updatedAt": "2025-05-13T01:56:39.476Z",
    "associatedSubSentimentId": null
  },
  {
    "id": 143,
    "journeyStepFlowId": 40,
    "optionId": "2D1",
    "text": "...um filme com duração mais curta (até 90 minutos, por exemplo)?",
    "nextStepId": null,
    "isEndState": true,
    "createdAt": "2025-05-13T01:58:01.367Z",
    "updatedAt": "2025-05-13T01:57:38.244Z",
    "associatedSubSentimentId": null
  },
  {
    "id": 144,
    "journeyStepFlowId": 40,
    "optionId": "2D2",
    "text": "...uma comédia leve e episódica?",
    "nextStepId": null,
    "isEndState": true,
    "createdAt": "2025-05-13T01:58:55.232Z",
    "updatedAt": "2025-05-13T01:58:25.339Z",
    "associatedSubSentimentId": null
  },
  {
    "id": 55,
    "journeyStepFlowId": 3,
    "optionId": "2A3",
    "text": "...cores vivas e uma estética dinâmica?",
    "nextStepId": null,
    "isEndState": true,
    "createdAt": "2025-05-12T11:53:48.681Z",
    "updatedAt": "2025-05-12T11:52:50.400Z",
    "associatedSubSentimentId": null
  },
  {
    "id": 56,
    "journeyStepFlowId": 3,
    "optionId": "2A",
    "text": "...um musical com números de dança e canto energéticos?",
    "nextStepId": "2A3",
    "isEndState": true,
    "createdAt": "2025-05-12T11:54:47.500Z",
    "updatedAt": "2025-05-12T11:58:31.237Z",
    "associatedSubSentimentId": null
  },
  {
    "id": 57,
    "journeyStepFlowId": 14,
    "optionId": "2B1",
    "text": "...uma jornada épica com desafios e descobertas?",
    "nextStepId": null,
    "isEndState": true,
    "createdAt": "2025-05-12T11:59:14.542Z",
    "updatedAt": "2025-05-12T11:58:34.946Z",
    "associatedSubSentimentId": null
  },
  {
    "id": 58,
    "journeyStepFlowId": 14,
    "optionId": "2B",
    "text": "...um thriller de ação com reviravoltas e perigo constante?",
    "nextStepId": "2B2",
    "isEndState": true,
    "createdAt": "2025-05-12T12:01:58.560Z",
    "updatedAt": "2025-05-12T12:03:48.561Z",
    "associatedSubSentimentId": null
  },
  {
    "id": 59,
    "journeyStepFlowId": 14,
    "optionId": "2B3",
    "text": "...uma fantasia com mundos mágicos e missões emocionantes?",
    "nextStepId": null,
    "isEndState": true,
    "createdAt": "2025-05-12T12:04:43.166Z",
    "updatedAt": "2025-05-12T12:03:58.460Z",
    "associatedSubSentimentId": null
  },
  {
    "id": 60,
    "journeyStepFlowId": 14,
    "optionId": "2B4",
    "text": "...uma ficção científica com exploração e encontros inesperados?",
    "nextStepId": null,
    "isEndState": true,
    "createdAt": "2025-05-12T12:06:17.053Z",
    "updatedAt": "2025-05-12T12:05:43.104Z",
    "associatedSubSentimentId": null
  },
  {
    "id": 61,
    "journeyStepFlowId": 17,
    "optionId": "2C1",
    "text": "...superação de desafios pessoais?",
    "nextStepId": null,
    "isEndState": true,
    "createdAt": "2025-05-12T12:08:56.081Z",
    "updatedAt": "2025-05-12T12:08:27.412Z",
    "associatedSubSentimentId": null
  },
  {
    "id": 62,
    "journeyStepFlowId": 17,
    "optionId": "2C2",
    "text": "...a realização de grandes sonhos e objetivos?",
    "nextStepId": null,
    "isEndState": true,
    "createdAt": "2025-05-12T12:09:38.553Z",
    "updatedAt": "2025-05-12T12:09:15.584Z",
    "associatedSubSentimentId": null
  },
  {
    "id": 63,
    "journeyStepFlowId": 17,
    "optionId": "2C3",
    "text": "...figuras históricas inspiradoras?",
    "nextStepId": null,
    "isEndState": true,
    "createdAt": "2025-05-12T12:10:30.611Z",
    "updatedAt": "2025-05-12T12:10:02.832Z",
    "associatedSubSentimentId": null
  },
  {
    "id": 64,
    "journeyStepFlowId": 17,
    "optionId": "2C4",
    "text": "..o poder da colaboração e do trabalho em equipe?",
    "nextStepId": null,
    "isEndState": true,
    "createdAt": "2025-05-12T12:11:24.055Z",
    "updatedAt": "2025-05-12T12:10:37.057Z",
    "associatedSubSentimentId": null
  },
  {
    "id": 65,
    "journeyStepFlowId": 19,
    "optionId": "2D1",
    "text": "...uma comédia leve e divertida para rir junto?",
    "nextStepId": null,
    "isEndState": true,
    "createdAt": "2025-05-12T12:12:21.193Z",
    "updatedAt": "2025-05-12T12:11:53.468Z",
    "associatedSubSentimentId": null
  },
  {
    "id": 66,
    "journeyStepFlowId": 19,
    "optionId": "2D2",
    "text": "...uma animação para toda a família com mensagens positivas?",
    "nextStepId": null,
    "isEndState": true,
    "createdAt": "2025-05-12T12:15:45.401Z",
    "updatedAt": "2025-05-12T12:13:50.200Z",
    "associatedSubSentimentId": null
  },
  {
    "id": 67,
    "journeyStepFlowId": 19,
    "optionId": "2D3",
    "text": "...um filme de aventura emocionante que todos possam curtir?",
    "nextStepId": null,
    "isEndState": true,
    "createdAt": "2025-05-12T12:16:52.522Z",
    "updatedAt": "2025-05-12T12:16:30.459Z",
    "associatedSubSentimentId": null
  },
  {
    "id": 68,
    "journeyStepFlowId": 19,
    "optionId": "2D4",
    "text": "...um musical alegre para cantar e dançar (mesmo que na sala de casa)?",
    "nextStepId": null,
    "isEndState": true,
    "createdAt": "2025-05-12T12:17:42.704Z",
    "updatedAt": "2025-05-12T12:17:12.090Z",
    "associatedSubSentimentId": null
  },
  {
    "id": 69,
    "journeyStepFlowId": 20,
    "optionId": "1A",
    "text": "...igualmente sereno e contemplativo?",
    "nextStepId": "2A",
    "isEndState": false,
    "createdAt": "2025-05-12T12:23:22.608Z",
    "updatedAt": "2025-05-12T12:22:49.722Z",
    "associatedSubSentimentId": null
  },
  {
    "id": 70,
    "journeyStepFlowId": 20,
    "optionId": "1B",
    "text": "...uma distração leve e agradável sem grandes emoções?",
    "nextStepId": "2B",
    "isEndState": false,
    "createdAt": "2025-05-12T12:24:27.297Z",
    "updatedAt": "2025-05-12T12:24:02.058Z",
    "associatedSubSentimentId": null
  },
  {
    "id": 72,
    "journeyStepFlowId": 20,
    "optionId": "1C",
    "text": "...algo familiar e reconfortante que você já conhece e gosta?",
    "nextStepId": "2C",
    "isEndState": false,
    "createdAt": "2025-05-12T12:43:09.511Z",
    "updatedAt": "2025-05-12T12:43:09.511Z",
    "associatedSubSentimentId": null
  },
  {
    "id": 73,
    "journeyStepFlowId": 20,
    "optionId": "1D",
    "text": "...uma oportunidade de imersão visual em belas paisagens ou mundos?",
    "nextStepId": "2D",
    "isEndState": false,
    "createdAt": "2025-05-12T12:45:18.687Z",
    "updatedAt": "2025-05-12T12:45:18.687Z",
    "associatedSubSentimentId": null
  },
  {
    "id": 75,
    "journeyStepFlowId": 21,
    "optionId": "2A2",
    "text": "..com belas imagens da natureza ou viagens?",
    "nextStepId": null,
    "isEndState": true,
    "createdAt": "2025-05-12T12:56:45.835Z",
    "updatedAt": "2025-05-12T12:56:45.835Z",
    "associatedSubSentimentId": null
  },
  {
    "id": 74,
    "journeyStepFlowId": 21,
    "optionId": "2A1",
    "text": "...com um ritmo lento e focado nos personagens?",
    "nextStepId": null,
    "isEndState": true,
    "createdAt": "2025-05-12T12:52:45.158Z",
    "updatedAt": "2025-05-12T12:57:39.955Z",
    "associatedSubSentimentId": null
  },
  {
    "id": 76,
    "journeyStepFlowId": 21,
    "optionId": "2A3",
    "text": "...com uma trilha sonora relaxante e minimalista?",
    "nextStepId": null,
    "isEndState": true,
    "createdAt": "2025-05-12T12:58:40.127Z",
    "updatedAt": "2025-05-12T12:58:40.127Z",
    "associatedSubSentimentId": null
  },
  {
    "id": 77,
    "journeyStepFlowId": 21,
    "optionId": "2A4",
    "text": "...que explore temas filosóficos ou existenciais de forma calma?",
    "nextStepId": null,
    "isEndState": true,
    "createdAt": "2025-05-12T12:59:15.679Z",
    "updatedAt": "2025-05-12T12:59:15.679Z",
    "associatedSubSentimentId": null
  },
  {
    "id": 78,
    "journeyStepFlowId": 22,
    "optionId": "2B1",
    "text": "..uma comédia com humor suave e sem grandes reviravoltas?",
    "nextStepId": null,
    "isEndState": true,
    "createdAt": "2025-05-12T13:02:09.979Z",
    "updatedAt": "2025-05-12T13:02:09.979Z",
    "associatedSubSentimentId": null
  },
  {
    "id": 79,
    "journeyStepFlowId": 22,
    "optionId": "2B2",
    "text": "...uma animação fofa e divertida para todas as idades?",
    "nextStepId": null,
    "isEndState": true,
    "createdAt": "2025-05-12T13:02:44.400Z",
    "updatedAt": "2025-05-12T13:02:44.400Z",
    "associatedSubSentimentId": null
  },
  {
    "id": 80,
    "journeyStepFlowId": 22,
    "optionId": "2B3",
    "text": "...um romance leve com um final previsível e feliz?",
    "nextStepId": null,
    "isEndState": true,
    "createdAt": "2025-05-12T13:03:22.515Z",
    "updatedAt": "2025-05-12T13:03:22.515Z",
    "associatedSubSentimentId": null
  },
  {
    "id": 81,
    "journeyStepFlowId": 22,
    "optionId": "2B4",
    "text": "...um filme de aventura com um tom mais descontraído?",
    "nextStepId": null,
    "isEndState": true,
    "createdAt": "2025-05-12T13:03:59.120Z",
    "updatedAt": "2025-05-12T13:03:59.120Z",
    "associatedSubSentimentId": null
  },
  {
    "id": 82,
    "journeyStepFlowId": 23,
    "optionId": "2C1",
    "text": "...um filme clássico que te traz boas lembranças?",
    "nextStepId": null,
    "isEndState": true,
    "createdAt": "2025-05-12T13:09:26.934Z",
    "updatedAt": "2025-05-12T13:09:26.934Z",
    "associatedSubSentimentId": null
  },
  {
    "id": 83,
    "journeyStepFlowId": 23,
    "optionId": "2C2",
    "text": "...um filme de um diretor ou ator favorito?",
    "nextStepId": null,
    "isEndState": true,
    "createdAt": "2025-05-12T13:10:02.862Z",
    "updatedAt": "2025-05-12T13:10:02.862Z",
    "associatedSubSentimentId": null
  },
  {
    "id": 84,
    "journeyStepFlowId": 23,
    "optionId": "2C3",
    "text": "...um filme de um gênero específico que sempre te acalma?",
    "nextStepId": null,
    "isEndState": true,
    "createdAt": "2025-05-12T13:12:29.922Z",
    "updatedAt": "2025-05-12T13:12:29.922Z",
    "associatedSubSentimentId": null
  },
  {
    "id": 85,
    "journeyStepFlowId": 23,
    "optionId": "2C4",
    "text": "...uma continuação de uma história que você ama?",
    "nextStepId": null,
    "isEndState": true,
    "createdAt": "2025-05-12T13:13:08.831Z",
    "updatedAt": "2025-05-12T13:13:08.831Z",
    "associatedSubSentimentId": null
  },
  {
    "id": 86,
    "journeyStepFlowId": 24,
    "optionId": "2D1",
    "text": "...documentários sobre a natureza com imagens espetaculares?",
    "nextStepId": null,
    "isEndState": true,
    "createdAt": "2025-05-12T13:28:18.324Z",
    "updatedAt": "2025-05-12T13:28:18.324Z",
    "associatedSubSentimentId": null
  },
  {
    "id": 87,
    "journeyStepFlowId": 24,
    "optionId": "2D2",
    "text": "...filmes de fantasia ou ficção científica com cenários visualmente deslumbrantes?",
    "nextStepId": null,
    "isEndState": true,
    "createdAt": "2025-05-12T13:29:21.783Z",
    "updatedAt": "2025-05-12T13:29:21.783Z",
    "associatedSubSentimentId": null
  },
  {
    "id": 88,
    "journeyStepFlowId": 24,
    "optionId": "2D3",
    "text": "..filmes de viagem que te transportem para outros lugares?",
    "nextStepId": null,
    "isEndState": true,
    "createdAt": "2025-05-12T13:30:23.066Z",
    "updatedAt": "2025-05-12T13:30:23.066Z",
    "associatedSubSentimentId": null
  },
  {
    "id": 89,
    "journeyStepFlowId": 24,
    "optionId": "2D4",
    "text": "...filmes com uma fotografia cinematográfica particularmente impressionante?",
    "nextStepId": null,
    "isEndState": true,
    "createdAt": "2025-05-12T13:31:05.407Z",
    "updatedAt": "2025-05-12T13:31:05.407Z",
    "associatedSubSentimentId": null
  },
  {
    "id": 20,
    "journeyStepFlowId": 7,
    "optionId": "2A1",
    "text": "...escancarado e com situações inusitadas, beirando absurdos?",
    "nextStepId": null,
    "isEndState": true,
    "createdAt": "2025-05-03T14:46:47.444Z",
    "updatedAt": "2025-05-12T21:33:39.708Z",
    "associatedSubSentimentId": null
  },
  {
    "id": 138,
    "journeyStepFlowId": 38,
    "optionId": "2B1",
    "text": "Ação",
    "nextStepId": null,
    "isEndState": true,
    "createdAt": "2025-05-13T01:52:59.329Z",
    "updatedAt": "2025-05-19T18:18:59.180Z",
    "associatedSubSentimentId": null
  },
  {
    "id": 147,
    "journeyStepFlowId": 38,
    "optionId": "2B2",
    "text": "Comédia",
    "nextStepId": null,
    "isEndState": true,
    "createdAt": "2025-05-19T18:20:38.845Z",
    "updatedAt": "2025-05-19T18:19:52.655Z",
    "associatedSubSentimentId": null
  },
  {
    "id": 148,
    "journeyStepFlowId": 38,
    "optionId": "2B3",
    "text": "Drama",
    "nextStepId": null,
    "isEndState": true,
    "createdAt": "2025-05-19T18:22:12.819Z",
    "updatedAt": "2025-05-19T18:21:32.543Z",
    "associatedSubSentimentId": null
  },
  {
    "id": 149,
    "journeyStepFlowId": 38,
    "optionId": "2B4",
    "text": "Ficção Científica",
    "nextStepId": null,
    "isEndState": true,
    "createdAt": "2025-05-19T18:22:56.145Z",
    "updatedAt": "2025-05-19T18:22:19.438Z",
    "associatedSubSentimentId": null
  },
  {
    "id": 145,
    "journeyStepFlowId": 40,
    "optionId": "2D3",
    "text": "...um documentário conciso sobre um tema interessante?",
    "nextStepId": null,
    "isEndState": true,
    "createdAt": "2025-05-13T01:59:38.831Z",
    "updatedAt": "2025-05-13T01:59:13.903Z",
    "associatedSubSentimentId": null
  },
  {
    "id": 146,
    "journeyStepFlowId": 40,
    "optionId": "2D4",
    "text": "...um filme de animação com uma história simples?",
    "nextStepId": null,
    "isEndState": true,
    "createdAt": "2025-05-13T02:00:17.356Z",
    "updatedAt": "2025-05-13T01:59:59.087Z",
    "associatedSubSentimentId": null
  },
  {
    "id": 150,
    "journeyStepFlowId": 38,
    "optionId": "2B5",
    "text": "Terror",
    "nextStepId": null,
    "isEndState": true,
    "createdAt": "2025-05-19T18:24:30.827Z",
    "updatedAt": "2025-05-19T18:23:59.732Z",
    "associatedSubSentimentId": null
  },
  {
    "id": 151,
    "journeyStepFlowId": 38,
    "optionId": "2B6",
    "text": "Romance",
    "nextStepId": null,
    "isEndState": true,
    "createdAt": "2025-05-19T18:25:11.152Z",
    "updatedAt": "2025-05-19T18:24:36.542Z",
    "associatedSubSentimentId": null
  },
  {
    "id": 152,
    "journeyStepFlowId": 38,
    "optionId": "2B7",
    "text": "Suspense",
    "nextStepId": null,
    "isEndState": true,
    "createdAt": "2025-05-19T18:26:31.856Z",
    "updatedAt": "2025-05-19T18:27:59.668Z",
    "associatedSubSentimentId": null
  },
  {
    "id": 153,
    "journeyStepFlowId": 38,
    "optionId": "2B8",
    "text": "Faroeste",
    "nextStepId": null,
    "isEndState": true,
    "createdAt": "2025-05-19T18:38:02.448Z",
    "updatedAt": "2025-05-19T18:37:33.498Z",
    "associatedSubSentimentId": null
  },
  {
    "id": 154,
    "journeyStepFlowId": 38,
    "optionId": "2B9",
    "text": "Guerra",
    "nextStepId": null,
    "isEndState": true,
    "createdAt": "2025-05-19T19:04:12.962Z",
    "updatedAt": "2025-05-19T19:03:39.292Z",
    "associatedSubSentimentId": null
  },
  {
    "id": 155,
    "journeyStepFlowId": 38,
    "optionId": "2B10",
    "text": "Crime",
    "nextStepId": null,
    "isEndState": true,
    "createdAt": "2025-05-19T19:33:55.300Z",
    "updatedAt": "2025-05-19T19:33:22.386Z",
    "associatedSubSentimentId": null
  }
]