[
  {
    "id": 2,
    "journeyFlowId": 2,
    "stepId": "1",
    "order": 1,
    "question": "Ótimo! Para manter essa vibe positiva, você gostaria de assistir a um filme que te faça se sentir ainda mais...",
    "createdAt": "2025-05-02T22:50:59.442Z",
    "updatedAt": "2025-05-03T14:25:30.654Z"
  },
  {
    "id": 7,
    "journeyFlowId": 2,
    "stepId": "2A",
    "order": 2,
    "question": "Excelente! Você prefere um humor mais...",
    "createdAt": "2025-05-03T00:09:32.951Z",
    "updatedAt": "2025-05-03T14:38:43.366Z"
  },
  {
    "id": 4,
    "journeyFlowId": 2,
    "stepId": "2B",
    "order": 2,
    "question": "Adorável! Você está mais no clima de...",
    "createdAt": "2025-05-02T22:50:59.442Z",
    "updatedAt": "2025-05-03T14:38:43.366Z"
  },
  {
    "id": 5,
    "journeyFlowId": 2,
    "stepId": "2C",
    "order": 2,
    "question": "Que energia boa! Você gostaria de algo mais...",
    "createdAt": "2025-05-02T23:38:03.630Z",
    "updatedAt": "2025-05-03T14:38:43.366Z"
  },
  {
    "id": 6,
    "journeyFlowId": 2,
    "stepId": "2D",
    "order": 2,
    "question": "Nostalgia! Você tem preferência por filmes de...",
    "createdAt": "2025-05-03T00:04:13.316Z",
    "updatedAt": "2025-05-03T14:38:43.366Z"
  },
  {
    "id": 9,
    "journeyFlowId": 3,
    "stepId": "2A",
    "order": 2,
    "question": "Certo. Dentro dessa intensidade emocional, você se inclina mais para...",
    "createdAt": "2025-05-05T23:33:31.195Z",
    "updatedAt": "2025-05-05T23:31:45.626Z"
  },
  {
    "id": 10,
    "journeyFlowId": 3,
    "stepId": "2B",
    "order": 2,
    "question": "Entendi. Para esse escape, você estaria mais a fim de...",
    "createdAt": "2025-05-05T23:42:35.592Z",
    "updatedAt": "2025-05-05T23:41:18.940Z"
  },
  {
    "id": 11,
    "journeyFlowId": 3,
    "stepId": "2C",
    "order": 2,
    "question": "Compreendo. Para esse conforto, você se sentiria melhor assistindo a...",
    "createdAt": "2025-05-05T23:46:12.976Z",
    "updatedAt": "2025-05-05T23:45:15.613Z"
  },
  {
    "id": 12,
    "journeyFlowId": 3,
    "stepId": "2D",
    "order": 2,
    "question": "Interessante. Nesse caso, você estaria mais aberto a...",
    "createdAt": "2025-05-05T23:47:42.889Z",
    "updatedAt": "2025-05-05T23:47:07.629Z"
  },
  {
    "id": 13,
    "journeyFlowId": 2,
    "stepId": "3D",
    "order": 3,
    "question": "Para melhorar nossa busca, quais das faixas etárias você se encaixa:",
    "createdAt": "2025-05-06T20:10:16.744Z",
    "updatedAt": "2025-05-06T20:09:08.551Z"
  },
  {
    "id": 1,
    "journeyFlowId": 1,
    "stepId": "1",
    "order": 1,
    "question": "Para aproveitar essa energia boa, você gostaria de assistir a um filme que seja...",
    "createdAt": "2025-05-08T22:02:54.425Z",
    "updatedAt": "2025-05-08T22:04:52.908Z"
  },
  {
    "id": 3,
    "journeyFlowId": 1,
    "stepId": "2A",
    "order": 2,
    "question": "Entendi! Você prefere algo com...",
    "createdAt": "2025-05-08T22:25:34.297Z",
    "updatedAt": "2025-05-08T22:24:53.251Z"
  },
  {
    "id": 14,
    "journeyFlowId": 1,
    "stepId": "2B",
    "order": 2,
    "question": "Aventura é ótimo! Você está mais no clima de...",
    "createdAt": "2025-05-10T19:41:55.086Z",
    "updatedAt": "2025-05-10T19:41:55.086Z"
  },
  {
    "id": 17,
    "journeyFlowId": 1,
    "stepId": "2C",
    "order": 2,
    "question": "Que ótimo para manter o ânimo lá em cima! Você gostaria de ver uma história sobre...",
    "createdAt": "2025-05-10T20:00:43.020Z",
    "updatedAt": "2025-05-10T20:00:43.020Z"
  },
  {
    "id": 19,
    "journeyFlowId": 1,
    "stepId": "2D",
    "order": 2,
    "question": "Compartilhar é sempre bom! Você pensou em algo mais...",
    "createdAt": "2025-05-10T20:15:33.786Z",
    "updatedAt": "2025-05-11T13:03:30.810Z"
  },
  {
    "id": 20,
    "journeyFlowId": 4,
    "stepId": "1",
    "order": 1,
    "question": "Que bom que você está se sentindo calmo(a) e relaxado(a)! Para manter essa sensação, você gostaria de assistir a um filme que seja...",
    "createdAt": "2025-05-11T13:12:51.682Z",
    "updatedAt": "2025-05-11T13:12:28.819Z"
  },
  {
    "id": 21,
    "journeyFlowId": 4,
    "stepId": "2A",
    "order": 2,
    "question": "Entendi. Nesse caso, você preferiria algo mais...",
    "createdAt": "2025-05-12T12:48:40.433Z",
    "updatedAt": "2025-05-12T12:47:39.684Z"
  },
  {
    "id": 22,
    "journeyFlowId": 4,
    "stepId": "2B",
    "order": 2,
    "question": "Para essa distração leve, você estaria mais a fim de...",
    "createdAt": "2025-05-12T13:00:34.751Z",
    "updatedAt": "2025-05-12T13:00:09.581Z"
  },
  {
    "id": 23,
    "journeyFlowId": 4,
    "stepId": "2C",
    "order": 2,
    "question": "Compreendo. Para essa sensação de conforto, você se sentiria melhor assistindo a...",
    "createdAt": "2025-05-12T13:08:39.843Z",
    "updatedAt": "2025-05-12T13:07:58.180Z"
  },
  {
    "id": 24,
    "journeyFlowId": 4,
    "stepId": "2D",
    "order": 2,
    "question": "Entendi. Você teria preferência por...",
    "createdAt": "2025-05-12T13:26:32.493Z",
    "updatedAt": "2025-05-12T13:26:32.493Z"
  },
  {
    "id": 26,
    "journeyFlowId": 5,
    "stepId": "1",
    "order": 1,
    "question": "Entendo. Quando você se sente cansado(a) ou desmotivado(a), o que você mais procura em um filme?",
    "createdAt": "2025-05-12T20:37:45.338Z",
    "updatedAt": "2025-05-12T20:37:45.338Z"
  },
  {
    "id": 27,
    "journeyFlowId": 5,
    "stepId": "2A",
    "order": 2,
    "question": "Para essa leveza, você preferiria...",
    "createdAt": "2025-05-12T21:50:20.012Z",
    "updatedAt": "2025-05-12T21:50:20.012Z"
  },
  {
    "id": 28,
    "journeyFlowId": 5,
    "stepId": "2B",
    "order": 2,
    "question": "Para se sentir mais inspirado(a), você gostaria de ver uma história sobre...",
    "createdAt": "2025-05-12T21:51:27.601Z",
    "updatedAt": "2025-05-12T21:51:27.601Z"
  },
  {
    "id": 29,
    "journeyFlowId": 5,
    "stepId": "2C",
    "order": 2,
    "question": "Para esse conforto, você se sentiria melhor assistindo a...",
    "createdAt": "2025-05-12T21:52:20.567Z",
    "updatedAt": "2025-05-12T21:52:20.567Z"
  },
  {
    "id": 30,
    "journeyFlowId": 5,
    "stepId": "2D",
    "order": 2,
    "question": "Para essa fuga, qual tipo de mundo te atrairia mais agora?",
    "createdAt": "2025-05-12T21:53:12.819Z",
    "updatedAt": "2025-05-12T21:53:12.819Z"
  },
  {
    "id": 31,
    "journeyFlowId": 6,
    "stepId": "1",
    "order": 1,
    "question": "Entendo. Quando você se sente ansioso(a) ou nervoso(a), você geralmente procura um filme que...",
    "createdAt": "2025-05-13T01:08:03.422Z",
    "updatedAt": "2025-05-13T01:08:03.422Z"
  },
  {
    "id": 32,
    "journeyFlowId": 6,
    "stepId": "2A",
    "order": 2,
    "question": "Para essa distração relaxante, você preferiria algo mais...",
    "createdAt": "2025-05-13T01:15:38.893Z",
    "updatedAt": "2025-05-13T01:15:38.893Z"
  },
  {
    "id": 33,
    "journeyFlowId": 6,
    "stepId": "2B",
    "order": 2,
    "question": "Para te manter totalmente envolvido(a), você se inclina mais para...",
    "createdAt": "2025-05-13T01:16:33.528Z",
    "updatedAt": "2025-05-13T01:16:33.528Z"
  },
  {
    "id": 34,
    "journeyFlowId": 6,
    "stepId": "2C",
    "order": 2,
    "question": "Entendo. Nesse caso, você prefere um suspense que seja mais...",
    "createdAt": "2025-05-13T01:17:28.427Z",
    "updatedAt": "2025-05-13T01:17:28.427Z"
  },
  {
    "id": 35,
    "journeyFlowId": 6,
    "stepId": "2D",
    "order": 2,
    "question": "Compreendo. Para essa sensação de controle e alívio, você gostaria de assistir a um filme que envolva...",
    "createdAt": "2025-05-13T01:18:07.345Z",
    "updatedAt": "2025-05-13T01:18:07.345Z"
  },
  {
    "id": 36,
    "journeyFlowId": 7,
    "stepId": "1",
    "order": 1,
    "question": "Compreendo. Para essa sensação de controle e alívio, você gostaria de assistir a um filme que envolva...",
    "createdAt": "2025-05-13T01:39:48.811Z",
    "updatedAt": "2025-05-13T01:39:48.811Z"
  },
  {
    "id": 37,
    "journeyFlowId": 7,
    "stepId": "2A",
    "order": 2,
    "question": "Nesse caso, você prefere algo mais...",
    "createdAt": "2025-05-13T01:44:51.375Z",
    "updatedAt": "2025-05-13T01:44:51.375Z"
  },
  {
    "id": 38,
    "journeyFlowId": 7,
    "stepId": "2B",
    "order": 2,
    "question": "Qual gênero te chama mais atenção hoje?",
    "createdAt": "2025-05-13T01:45:36.223Z",
    "updatedAt": "2025-05-13T01:45:36.223Z"
  },
  {
    "id": 39,
    "journeyFlowId": 7,
    "stepId": "2C",
    "order": 2,
    "question": "Entendi. Você tem preferência por...",
    "createdAt": "2025-05-13T01:47:50.318Z",
    "updatedAt": "2025-05-13T01:47:50.318Z"
  },
  {
    "id": 40,
    "journeyFlowId": 7,
    "stepId": "2D",
    "order": 2,
    "question": "Nesse caso, você prefere...",
    "createdAt": "2025-05-13T01:48:36.307Z",
    "updatedAt": "2025-05-13T01:48:36.307Z"
  },
  {
    "id": 8,
    "journeyFlowId": 3,
    "stepId": "1",
    "order": 1,
    "question": "Para entender melhor essa melancolia, qual dessas sensações se aproxima mais do que você está sentindo ou do que gostaria de explorar?",
    "createdAt": "2025-05-05T01:05:52.765Z",
    "updatedAt": "2025-05-22T00:37:55.755Z"
  }
]