[
  {
    "id": 13,
    "name": "Feliz / Alegre",
    "description": "Sentimento de alegria e felicidade",
    "keywords": [
      "feliz",
      "alegre",
      "contente"
    ],
    "createdAt": "2025-05-02T22:50:59.442Z",
    "updatedAt": "2025-05-02T22:50:59.442Z"
  },
  {
    "id": 15,
    "name": "Calmo(a) / Relaxado(a)",
    "description": null,
    "keywords": [],
    "createdAt": "2025-05-03T22:04:26.132Z",
    "updatedAt": "2025-05-03T22:04:15.127Z"
  },
  {
    "id": 16,
    "name": "Ansioso(a) / Nervoso(a)",
    "description": null,
    "keywords": [],
    "createdAt": "2025-05-03T22:04:46.415Z",
    "updatedAt": "2025-05-03T22:04:37.857Z"
  },
  {
    "id": 17,
    "name": "Animado(a) / Entusiasmado(a)",
    "description": null,
    "keywords": [],
    "createdAt": "2025-05-03T22:05:09.291Z",
    "updatedAt": "2025-05-03T22:05:04.745Z"
  },
  {
    "id": 18,
    "name": "Cansado(a) / Desmotivado(a)",
    "description": null,
    "keywords": [],
    "createdAt": "2025-05-03T22:05:28.012Z",
    "updatedAt": "2025-05-03T22:06:10.498Z"
  },
  {
    "id": 19,
    "name": "Neutro / Indiferente",
    "description": null,
    "keywords": [],
    "createdAt": "2025-05-03T22:06:26.277Z",
    "updatedAt": "2025-05-03T22:06:12.712Z"
  },
  {
    "id": 14,
    "name": "Triste / Melancólico(a)",
    "description": "Sentimento como tristeza, desânimo, melancolia, vazio, angústia, desilusão ou perda de esperança.",
    "keywords": [
      "tristeza",
      "melancolia",
      "dor",
      "sofrimento",
      "lágrimas",
      "pesar",
      "luto",
      "perda",
      "desespero",
      "angústia",
      "vazio",
      "desilusão",
      "mágoa",
      "aflição",
      "agonia"
    ],
    "createdAt": "2025-05-02T23:13:06.898Z",
    "updatedAt": "2025-05-19T21:18:35.425Z"
  }
]