[
  {
    "movieId": "2068cc48-bdaf-46bd-9950-b0cbc15265e6",
    "mainSentimentId": 14,
    "subSentimentId": 14,
    "createdAt": "2025-05-20T00:19:51.909Z",
    "updatedAt": "2025-05-20T00:19:51.909Z"
  },
  {
    "movieId": "d1debd01-3dfb-4f45-94b5-897ed79c169d",
    "mainSentimentId": 14,
    "subSentimentId": 14,
    "createdAt": "2025-05-20T00:19:51.909Z",
    "updatedAt": "2025-05-20T00:19:51.909Z"
  },
  {
    "movieId": "d1debd01-3dfb-4f45-94b5-897ed79c169d",
    "mainSentimentId": 14,
    "subSentimentId": 16,
    "createdAt": "2025-05-20T00:19:51.909Z",
    "updatedAt": "2025-05-20T00:19:51.909Z"
  },
  {
    "movieId": "dc632a5c-4ab4-4e4e-93a5-61638e7c8301",
    "mainSentimentId": 14,
    "subSentimentId": 19,
    "createdAt": "2025-05-20T00:19:51.909Z",
    "updatedAt": "2025-05-20T00:19:51.909Z"
  },
  {
    "movieId": "4c5f457e-f088-4c78-b303-6f2de8079826",
    "mainSentimentId": 14,
    "subSentimentId": 14,
    "createdAt": "2025-05-20T00:19:51.909Z",
    "updatedAt": "2025-05-20T00:19:51.909Z"
  }
]