[
  {
    "id": "cbd70c93-7733-43a6-a69b-5fb269b907f3",
    "title": "Diário de uma Paixão",
    "year": 2004,
    "director": " Nick Cassavetes",
    "genres": [
      "Drama",
      "Romance"
    ],
    "streamingPlatforms": [
      "HBO Max",
      "Prime Video"
    ],
    "createdAt": "2025-05-03T15:31:46.343Z",
    "updatedAt": "2025-05-09T21:11:44.521Z",
    "description": "Na década de 40, o operário Noah Calhoun e a rica Allie estão desesperadamente apaixonados, mas os pais da jovem não aprovam o namoro. Quando Noah vai para a Segunda Guerra Mundial, parece ser o fim do romance. Enquanto isso, Allie se envolve com outro homem. Mas quando Noah retorna para a pequena cidade anos mais tarde, próximo ao casamento de Allie, logo se torna claro que a paixão ainda não acabou.",
    "thumbnail": "https://image.tmdb.org/t/p/w500/A07izLVyZCrmq0HTvFg6qdqiZE5.jpg",
    "original_title": "The Notebook",
    "vote_average": "7.9",
    "vote_count": 11861,
    "certification": "14",
    "adult": false,
    "keywords": [
      "amor secreto",
      "baseado em romance ou livro",
      "amor da vida de alguém",
      "lutar",
      "poema",
      "rio",
      "tristeza",
      "aula",
      "demência",
      "melancolia",
      "lágrimas",
      "vela",
      "caixa de correio",
      "Dia dos Namorados",
      "romântico"
    ]
  },
  {
    "id": "613266f6-9773-458f-9cfc-32eb1a8ec10a",
    "title": "Resgate Implacável",
    "year": 2025,
    "director": " David Ayer",
    "genres": [
      "Ação",
      "Thriller"
    ],
    "streamingPlatforms": [],
    "createdAt": "2025-05-03T19:09:09.113Z",
    "updatedAt": "2025-05-09T21:11:46.135Z",
    "description": "Ele quer viver uma vida simples e ser um bom pai para sua filha. Mas quando a filha adolescente de seu chefe, Jenny, desaparece, ele é chamado para reempregar as habilidades que o tornaram uma figura lendária nas operações secretas.",
    "thumbnail": "https://image.tmdb.org/t/p/w500/iT6yYCAuMQwm1PV4nByrsrsIOhG.jpg",
    "original_title": "A Working Man",
    "vote_average": "6.5",
    "vote_count": 592,
    "certification": "16",
    "adult": false,
    "keywords": [
      "baseado em romance ou livro",
      "sequestro",
      "vigilante",
      "pessoa desaparecida",
      "operações secretas",
      "trabalhador da construção civil",
      "conspiração criminosa",
      "absurdo"
    ]
  },
  {
    "id": "51e39283-45a2-4193-b5d7-b9013492c2a0",
    "title": "Um Lugar Chamado Notting Hill",
    "year": 1999,
    "director": " Roger Michell",
    "genres": [
      "Comédia",
      "Drama",
      "Romance"
    ],
    "streamingPlatforms": [
      "Prime Vídeo"
    ],
    "createdAt": "2025-05-03T15:18:24.574Z",
    "updatedAt": "2025-05-09T21:11:47.053Z",
    "description": "Will, pacato dono de livraria especializada em guias de viagem, recebe a inesperada visita de uma cliente muito especial: a estrela de cinema americana Anna Scott. Dois ou três encontros fortuitos mais tarde, Will e Anna iniciam um relacionamento tenro, engraçado e cheio de idas e vindas.",
    "thumbnail": "https://image.tmdb.org/t/p/w500/9yFgNvFK870icK6SvTdeVyEjXN4.jpg",
    "original_title": "Notting Hill",
    "vote_average": "7.3",
    "vote_count": 6280,
    "certification": "L",
    "adult": false,
    "keywords": [
      "novo amor",
      "Londres, Inglaterra",
      "livraria",
      "colegas de quarto",
      "conferência de imprensa",
      "paparazzi",
      "entrevista",
      "comédia romântica",
      "festa de aniversário",
      "fama",
      "apaixonar-se",
      "grupo de amigos",
      "tablóide",
      "Dia dos Namorados",
      "estrela de cinema",
      "diferenças sociais",
      "cenário de filme",
      "jantar",
      "problemas de namoro",
      "diferenças de riqueza",
      "situação embaraçosa",
      "cinema",
      "romance inesperado",
      "os melhores amigos",
      "romance improvável",
      "dono de livraria",
      "atriz famosa",
      "romances encantadores e química deliciosa",
      "dono de livraria"
    ]
  },
  {
    "id": "9c7727da-f9c9-4036-bc09-cdcbd8523a18",
    "title": "Superbad",
    "year": 2007,
    "director": "Greg Mottola",
    "genres": [
      "Comédia"
    ],
    "streamingPlatforms": [
      "Prime Video"
    ],
    "createdAt": "2025-05-02T22:50:59.297Z",
    "updatedAt": "2025-05-09T21:11:47.862Z",
    "description": "Os estudantes adolescentes Seth e Evan têm grandes esperanças para uma festa de formatura. Os adolescentes co-dependentes pretendem beber e conquistar garotas para que eles possam se tornar parte da multidão popular da escola, mas a ansiedade de separação e dois policiais entediados complicam a auto-missão proclamada dos amigos.",
    "thumbnail": "https://image.tmdb.org/t/p/w500/vKFyD2wRl3qCKpbVWjIB3QAWo0K.jpg",
    "original_title": "Superbad",
    "vote_average": "7.3",
    "vote_count": 7519,
    "certification": "16",
    "adult": false,
    "keywords": [
      "ensino médio",
      "polícia",
      "álcool",
      "caos",
      "nerd",
      "chegando à maioridade",
      "escola",
      "Los Angeles, Califórnia",
      "drogas",
      "companheiro",
      "uma noite",
      "identidade falsa",
      "sereno",
      "divertido"
    ]
  },
  {
    "id": "47171a28-9b5d-455a-b248-0a2235100d59",
    "title": "10 Coisas Que Eu Odeio em Você",
    "year": 1999,
    "director": " Gil Junger",
    "genres": [
      "Comédia",
      "Romance"
    ],
    "streamingPlatforms": [
      "Netflix",
      "HBO Max",
      "Amazon Prime"
    ],
    "createdAt": "2025-05-03T15:24:39.977Z",
    "updatedAt": "2025-05-09T21:11:48.675Z",
    "description": "Em seu primeiro dia na nova escola, Cameron se apaixona por Bianca. Mas ela só poderá sair com rapazes até que Kat, sua irmã mais velha, arrume um namorado. O problema é que ela é insuportável. Cameron, então, negocia com o único garoto que talvez consiga sair com Kat – um misterioso bad-boy com uma péssima reputação.",
    "thumbnail": "https://image.tmdb.org/t/p/w500/sSr6OheCylo2rlt4Ko9OWwcmu3n.jpg",
    "original_title": "10 Things I Hate About You",
    "vote_average": "7.6",
    "vote_count": 8355,
    "certification": "12",
    "adult": false,
    "keywords": [
      "ensino médio",
      "decepção",
      "baseado em peça ou musical",
      "chegando à maioridade",
      "filme adolescente",
      "musaranho",
      "Dia dos Namorados",
      "Shakespeare em trajes modernos",
      "os opostos se atraem",
      "durante os créditos stinger",
      "romance adolescente",
      "pai superprotetor",
      "romântico"
    ]
  },
  {
    "id": "360aaed2-c8a9-4d1f-8bea-6e3fd7376eaa",
    "title": "Clube dos Cinco",
    "year": 1985,
    "director": " John Hughes",
    "genres": [
      "Comédia",
      "Drama"
    ],
    "streamingPlatforms": [
      "Prime Video"
    ],
    "createdAt": "2025-05-05T00:12:09.688Z",
    "updatedAt": "2025-05-09T21:11:49.573Z",
    "description": "Outro ícone dos anos 80, este filme de John Hughes captura a essência da adolescência com um grupo de jovens tão diferentes, mas que encontram conexão. A mistura de humor, emoção e trilha sonora clássica (como “Don’t You Forget About Me”) evoca nostalgia e mantém o clima positivo.",
    "thumbnail": "https://image.tmdb.org/t/p/w500/atLx4aW8dgIuy3Bxo5WWRTyWdEh.jpg",
    "original_title": "The Breakfast Club",
    "vote_average": "7.7",
    "vote_count": 8141,
    "certification": "14",
    "adult": false,
    "keywords": [
      "ensino médio",
      "chegando à maioridade",
      "angústia adolescente",
      "detenção",
      "rebelião adolescente",
      "estereótipo",
      "década de 1980",
      "adolescente",
      "irônico"
    ]
  },
  {
    "id": "7c5ab820-e353-4d3f-84ed-2c8541c912e2",
    "title": "De Repente 30",
    "year": 2004,
    "director": " Gary Winick",
    "genres": [
      "Comédia",
      "Romance",
      "Fantasia"
    ],
    "streamingPlatforms": [
      "HBO Max",
      "Prime Vídeo"
    ],
    "createdAt": "2025-05-03T15:24:40.483Z",
    "updatedAt": "2025-05-09T21:11:51.172Z",
    "description": "Com a ajuda de um pó mágico, Jenna Rick, de 13 anos, se torna uma deslumbrante mulher de 30 anos da noite para o dia, com tudo que sempre quis, menos seu melhor amigo Matt. Agora, essa mulher madura precisa criar uma mágica própria para ajudar a garotinha dentro dela a recuperar o verdadeiro amor que deixou para trás.",
    "thumbnail": "https://image.tmdb.org/t/p/w500/3ZewXNdHKpRE0LrJhj07bWkwQm4.jpg",
    "original_title": "13 Going on 30",
    "vote_average": "6.8",
    "vote_count": 5245,
    "certification": "12",
    "adult": false,
    "keywords": [
      "cidade de Nova York",
      "fotógrafo",
      "editor-chefe",
      "viagem no tempo",
      "desejar",
      "mulher bonita",
      "criança como um adulto",
      "amigos apaixonados",
      "mudança de idade",
      "adolescente",
      "didático",
      "salto no tempo",
      "adulto"
    ]
  },
  {
    "id": "b92fd48d-9978-4139-9eba-1b7cbfabc1a2",
    "title": "Menina de Ouro",
    "year": 2004,
    "director": " Clint Eastwood",
    "genres": [
      "Drama",
      "Esporte"
    ],
    "streamingPlatforms": [
      "Prime Vídeo"
    ],
    "createdAt": "2025-05-05T00:57:29.319Z",
    "updatedAt": "2025-05-09T21:11:52.832Z",
    "description": "Frankie Dunn é um veterano treinador de boxe de Los Angeles que mantém quase todos a uma certa distância, exceto o velho amigo e sócio Eddie Dupris. Quando Maggie Fitzgerald, uma operária transferida de Missouri, chega ao ginásio de Frankie em busca de sua experiência, ele fica relutante em treinar a jovem. Mas quando cede ao seu jeito reservado, os dois formam um vínculo muito próximo que inevitavelmente mudará suas vidas.",
    "thumbnail": "https://image.tmdb.org/t/p/w500/zb3AfXM34FDD0AWLFP8XBnHAuHJ.jpg",
    "original_title": "Million Dollar Baby",
    "vote_average": "8",
    "vote_count": 9818,
    "certification": "12",
    "adult": false,
    "keywords": [
      "morrer e morte",
      "transportador",
      "mulher forte",
      "golpe do destino",
      "avanço",
      "esportes",
      "lutar",
      "tentativa de suicídio",
      "boxer",
      "treinamento",
      "tragédia",
      "protagonista feminina",
      "brutalidade",
      "treinador de boxe",
      "amizade improvável",
      "boxe feminino",
      "suprimir",
      "eutanásia",
      "determinação",
      "boxe"
    ]
  },
  {
    "id": "d423ec02-d5de-4c37-b45e-990d4323c564",
    "title": "O Homem nas Trevas",
    "year": 2016,
    "director": "Fede Álvarez",
    "genres": [
      "Terror",
      "Thriller"
    ],
    "streamingPlatforms": [
      "Prime Video",
      "Microsoft Store"
    ],
    "createdAt": "2025-05-19T17:52:12.650Z",
    "updatedAt": "2025-05-19T17:52:12.650Z",
    "description": "Três jovens ladrões lutam por suas vidas depois de invadir a casa de um homem cego que tem seu lado obscuro.",
    "thumbnail": "https://image.tmdb.org/t/p/w500/tBtjyqf8oIdeFkis41bdaJzewBh.jpg",
    "original_title": "Don't Breathe",
    "vote_average": "7",
    "vote_count": 7582,
    "certification": "14",
    "adult": false,
    "keywords": [
      "sequestro",
      "ladrão",
      "cego",
      "mantido em cativeiro",
      "amansar",
      "homem cego",
      "preso em uma casa"
    ]
  },
  {
    "id": "01d05df9-c3d1-40df-95a2-05cba37c4ebb",
    "title": "Karatê Kid: A Hora da Verdade",
    "year": 1984,
    "director": "John G. Avildsen",
    "genres": [
      "Ação",
      "Drama",
      "Família",
      "Esporte"
    ],
    "streamingPlatforms": [
      "Max",
      "Prime Video"
    ],
    "createdAt": "2025-05-05T02:55:26.849Z",
    "updatedAt": "2025-05-09T21:11:54.895Z",
    "description": "O adolescente Daniel LaRusso se envolve com a ex-namorada de um mau caráter na escola e passa a ser atormentado por sua gangue. Para sua sorte, ele contará com os ensinamentos de um mestre de karatê, o senhor Miyagi, que o prepara para autodefesa e também para um importante campeonato.",
    "thumbnail": "https://image.tmdb.org/t/p/w500/b2VqAf0GSkPJ6AwzVC64VoXLxzs.jpg",
    "original_title": "The Karate Kid",
    "vote_average": "7.2",
    "vote_count": 4317,
    "certification": "10",
    "adult": false,
    "keywords": [
      "ensino médio",
      "amizade",
      "artes marciais",
      "lutar",
      "dia das Bruxas",
      "karatê",
      "intimidação",
      "Sensei",
      "filme adolescente",
      "Los Angeles, Califórnia",
      "mestre de artes marciais",
      "mãe solteira",
      "sabotar",
      "espancado",
      "estudante do ensino médio",
      "torneio de artes marciais",
      "treinamento de artes marciais",
      "guindaste",
      "competição esportiva",
      "nostálgico",
      "baile da escola",
      "semi autobiográfico",
      "relacionamento mentor-protegido",
      "gangue de adolescentes",
      "romance adolescente",
      "filosófico",
      "romance de colégio",
      "o karatê kid",
      "reconfortante",
      "esperançoso"
    ]
  },
  {
    "id": "54b9979a-abc2-4942-92e0-72e5db755009",
    "title": "O Homem Que Mudou o Jogo",
    "year": 2011,
    "director": " Bennett Miller",
    "genres": [
      "Drama",
      "Esporte",
      "Biografia"
    ],
    "streamingPlatforms": [
      "Prime Vídeo"
    ],
    "createdAt": "2025-05-05T00:57:30.927Z",
    "updatedAt": "2025-05-09T21:11:56.490Z",
    "description": "O gerente geral da Oakland A, Billy Beane, desafia o sistema e a sabedoria convencional quando é forçado a recompor sua pequena equipe com um orçamento baixo. Apesar da oposição da velha guarda, a mídia, fãs e o próprio gerente de campo, Beane – com a ajuda de um economista jovem, formado em Yale – cria uma lista de desajustados... e acaba mudando para sempre o modo como o baseball é jogado.",
    "thumbnail": "https://image.tmdb.org/t/p/w500/kNloN3TqTBDd1Fcl980LzpWDhzY.jpg",
    "original_title": "Moneyball",
    "vote_average": "7.3",
    "vote_count": 5322,
    "certification": "10",
    "adult": false,
    "keywords": [
      "azarão",
      "Califórnia",
      "esportes",
      "beisebol",
      "baseado em uma história real",
      "Oakland, Califórnia",
      "transferência de emprego",
      "atletismo de Oakland",
      "gerente de talentos",
      "estatísticas",
      "anos 2000",
      "liga principal de beisebol (mlb)"
    ]
  },
  {
    "id": "e8d98433-e216-4221-aa75-cb95b92756cf",
    "title": "Curtindo a Vida Adoidado",
    "year": 1986,
    "director": " John Hughes",
    "genres": [
      "Comédia"
    ],
    "streamingPlatforms": [
      "Prime Vídeo"
    ],
    "createdAt": "2025-05-05T00:12:07.940Z",
    "updatedAt": "2025-05-09T21:11:57.283Z",
    "description": "Um filme emblemático dos anos 80, com Ferris Bueller vivendo um dia de liberdade e diversão. A vibe alegre e despreocupada, junto com a estética oitentista, é ideal para despertar nostalgia da adolescência, especialmente para quem curtia a ideia de aproveitar a juventude ao máximo.",
    "thumbnail": "https://image.tmdb.org/t/p/w500/kUqhcfr5IoaE76NOIQl53gn3y3Q.jpg",
    "original_title": "Ferris Bueller's Day Off",
    "vote_average": "7.6",
    "vote_count": 5027,
    "certification": "12",
    "adult": false,
    "keywords": [
      "Chicago, Illinois",
      "ensino médio",
      "independência",
      "chegando à maioridade",
      "alcaparra",
      "quebrando a quarta parede",
      "filme adolescente",
      "sequência de fantasia",
      "roubo de carro",
      "matando aula",
      "provocação",
      "pós-créditos stinger",
      "durante os créditos stinger",
      "evasão escolar",
      "um dia na vida",
      "década de 1980",
      "introspectivo",
      "adolescente",
      "reminiscente",
      "inteligente"
    ]
  },
  {
    "id": "189b433c-e889-4bf9-9d24-db7dcdf23a67",
    "title": "Karatê Kid",
    "year": 2010,
    "director": "Harald Zwart",
    "genres": [
      "Ação",
      "Drama",
      "Família",
      "Esporte"
    ],
    "streamingPlatforms": [
      "HBO Max"
    ],
    "createdAt": "2025-05-05T02:58:07.702Z",
    "updatedAt": "2025-05-09T21:11:51.993Z",
    "description": "Dre Parker se mudou com a mãe para Pequim, devido ao trabalho dela. Logo ao chegar, ele se interessa por Meiying, uma garota que conhece praticando violino em uma praça. A aproximação deles provoca a irritação de Cheng, que lhe dá uma surra usando a técnica do kung fu. A partir de então a vida de Dre se torna um inferno, já que passa a ser perseguido na escola por Cheng e seus colegas. Um dia, ao escapar deles, Dre é auxiliado pelo Sr. Han, o zelador de seu prédio, que é também um mestre de kung fu.",
    "thumbnail": "https://image.tmdb.org/t/p/w500/AbBlpGNj69gWQNKO0qg6QGDnbaW.jpg",
    "original_title": "The Karate Kid",
    "vote_average": "6.6",
    "vote_count": 6161,
    "certification": "10",
    "adult": false,
    "keywords": [
      "artes marciais",
      "durante os créditos stinger",
      "karatê kid",
      "o karatê kid",
      "intenso",
      "pretensioso",
      "direto",
      "trágico"
    ]
  },
  {
    "id": "807556d9-cd11-4b40-a550-936bbcce5d03",
    "title": "Todos Menos Você",
    "year": 2023,
    "director": "Will Gluck",
    "genres": [
      "Romance",
      "Comédia"
    ],
    "streamingPlatforms": [],
    "createdAt": "2025-05-08T20:10:35.204Z",
    "updatedAt": "2025-05-09T21:11:59.762Z",
    "description": "Bea e Ben parecem o casal perfeito, mas depois de um primeiro encontro incrível, algo acontece que transforma sua atração ardente em gelo - até que eles se encontram inesperadamente juntos em um casamento na Austrália.  Então eles fazem o que dois adultos maduros fariam: fingem ser um casal.",
    "thumbnail": "https://image.tmdb.org/t/p/w500/iKOEAPkb5EyCPmAgByYNeAoG5uc.jpg",
    "original_title": "Anyone But You",
    "vote_average": "6.9",
    "vote_count": 2539,
    "certification": "16",
    "adult": false,
    "keywords": [
      "Austrália",
      "caminhada",
      "comédia romântica",
      "baseado em peça ou musical",
      "faculdade de direito",
      "Shakespeare em trajes modernos",
      "pós-créditos stinger",
      "durante os créditos stinger",
      "patético",
      "namoro falso",
      "casamento no destino",
      "casamento da irmã",
      "clichê",
      "лесбиянка",
      "подруга-лесбиянка",
      "лесбийская свадьба",
      "сестра-лесбиянка"
    ]
  },
  {
    "id": "a96d5944-0e7c-4aac-904b-856eede2d2f7",
    "title": "O Plano Imperfeito",
    "year": 2018,
    "director": "Claire Scanlon",
    "genres": [
      "Romance",
      "Comédia"
    ],
    "streamingPlatforms": [
      "Netflix"
    ],
    "createdAt": "2025-05-08T20:10:36.881Z",
    "updatedAt": "2025-05-09T21:12:00.583Z",
    "description": "Desesperados por um pouco de sossego, dois assistentes exaustos unem forças para fazer com que seus chefes workaholics se apaixonem.",
    "thumbnail": "https://image.tmdb.org/t/p/w500/jnyHkJNUWIxgNulxxYQPIJVAM56.jpg",
    "original_title": "Set It Up",
    "vote_average": "6.9",
    "vote_count": 2694,
    "certification": "14",
    "adult": false,
    "keywords": [
      "cidade de Nova York",
      "esportes",
      "data",
      "chefe",
      "assistente",
      "comédia romântica",
      "matchmaking",
      "corporativo",
      "protagonista feminina",
      "LGBT",
      "relação empregador-empregado",
      "comédia no local de trabalho",
      "romance no local de trabalho"
    ]
  },
  {
    "id": "19ffdf3f-2d33-4e4a-a5dd-b94d82decf53",
    "title": "Uma Ideia de Você",
    "year": 2024,
    "director": "Michael Showalter",
    "genres": [
      "Romance",
      "Drama",
      "Comédia"
    ],
    "streamingPlatforms": [],
    "createdAt": "2025-05-08T20:10:38.713Z",
    "updatedAt": "2025-05-09T21:12:01.372Z",
    "description": "Solène, leva a filha, para assistir ao show de seu grupo favorito, August Moon. Lá, Solène se relaciona com um dos membros do grupo. Hayes Campbell é inteligente, atraente e confiante. A atração é imediata. O problema? É porque ele é vinte anos mais novo que Solène.",
    "thumbnail": "https://image.tmdb.org/t/p/w500/5rIKVegF7XMPB02RaFaxtFwTPR0.jpg",
    "original_title": "The Idea of You",
    "vote_average": "7.4",
    "vote_count": 1671,
    "certification": "16",
    "adult": false,
    "keywords": [
      "baseado em romance ou livro",
      "diferença de idade",
      "cantor",
      "quarenta e poucos anos",
      "mãe solteira",
      "relacionamento mulher mais velha homem mais jovem",
      "boy band"
    ]
  },
  {
    "id": "ff45ec3d-0f34-4f6a-89c9-940da5bd42bb",
    "title": "Assassino por Acaso",
    "year": 2024,
    "director": "Richard Linklater",
    "genres": [
      "Comédia",
      "Romance",
      "Crime"
    ],
    "streamingPlatforms": [
      "Prime Video"
    ],
    "createdAt": "2025-05-08T20:49:29.162Z",
    "updatedAt": "2025-05-09T21:12:02.357Z",
    "description": "Fingindo ser um assassino de aluguel para prender seus contratantes, o policial Gary Johnson quebra seus protocolos profissionais, assim se colocando em risco, ao salvar uma mulher de seu namorado abusivo.",
    "thumbnail": "https://image.tmdb.org/t/p/w500/gWrdBimWApP3bm2Sk0CSJvjrj0r.jpg",
    "original_title": "Hit Man",
    "vote_average": "6.8",
    "vote_count": 1290,
    "certification": "14",
    "adult": false,
    "keywords": [
      "assassino de aluguel",
      "identidade",
      "professor",
      "Nova Orleans, Louisiana",
      "comédia romântica",
      "disfarce",
      "comédia maluca",
      "operação secreta",
      "operação policial",
      "baseado em revista, jornal ou artigo",
      "pessoa",
      "trabalho extra"
    ]
  },
  {
    "id": "81b27d06-3ae0-4bbc-8f73-1e29762245a0",
    "title": "As Patricinhas de Beverly Hills",
    "year": 1995,
    "director": " Amy Heckerling",
    "genres": [
      "Comédia",
      "Romance"
    ],
    "streamingPlatforms": [
      "Prime Vídeo"
    ],
    "createdAt": "2025-05-05T00:12:08.542Z",
    "updatedAt": "2025-05-09T21:12:05.767Z",
    "description": "Este clássico dos anos 90 é uma comédia romântica leve e divertida, centrada em Cher, uma adolescente carismática. A moda, a trilha sonora e o humor da época são perfeitos para uma mulher que viveu sua adolescência nos anos 90, trazendo memórias nostálgicas de uma fase vibrante e otimista.",
    "thumbnail": "https://image.tmdb.org/t/p/w500/sfgpINIXoGEUkA3n6k7of89bP9x.jpg",
    "original_title": "Clueless",
    "vote_average": "7.3",
    "vote_count": 4519,
    "certification": null,
    "adult": false,
    "keywords": [
      "puberdade",
      "ensino médio",
      "baseado em romance ou livro",
      "fazer uma combinação",
      "criança mimada",
      "chegando à maioridade",
      "matchmaking",
      "conflito",
      "casamento",
      "amigos do ensino médio",
      "reforma",
      "diretora mulher",
      "garota popular",
      "casamenteiro",
      "tema gay",
      "combinação de casais"
    ]
  },
  {
    "id": "ca424915-ba7c-4aa0-a594-6e57bc7de210",
    "title": "Como Perder um Cara em Dez Dias",
    "year": 2003,
    "director": " Donald Petrie",
    "genres": [
      "Comédia",
      "Romance"
    ],
    "streamingPlatforms": [
      "Prime Video"
    ],
    "createdAt": "2025-05-03T15:24:40.229Z",
    "updatedAt": "2025-05-09T21:11:43.714Z",
    "description": "Ben é um publicitário que aposta com o chefe que faz qualquer mulher se apaixonar por ele em dez dias. Se conseguir, será o responsável por uma cobiçada campanha de diamantes. Andie é uma jornalista que, por causa de uma matéria, está decidida a infernizar a vida de qualquer homem que se aproximar. Os dois se conhecem em um bar e escolhem um ao outro como alvo de seus planos totalmente opostos.",
    "thumbnail": "https://image.tmdb.org/t/p/w500/qxwgxjFUtZ3qf7vib9na6tdPfwT.jpg",
    "original_title": "How to Lose a Guy in 10 Days",
    "vote_average": "6.8",
    "vote_count": 4119,
    "certification": "12",
    "adult": false,
    "keywords": [
      "aposta",
      "cidade de Nova York",
      "jornalista",
      "terapeuta",
      "especialista em publicidade",
      "comédia romântica",
      "basquetebol",
      "relação",
      "colunista de conselhos",
      "grupo de amigos",
      "batalha dos sexos",
      "sabotagem de relacionamento",
      "namoro com segundas intenções",
      "divertido",
      "romântico",
      "reconfortante",
      "revista feminina",
      "New York Knicks",
      "conheça a família"
    ]
  },
  {
    "id": "c588d582-e8ea-4f4f-a484-419398fc9fdc",
    "title": "Simplesmente Amor",
    "year": 2003,
    "director": " Richard Curtis",
    "genres": [
      "Comédia",
      "Drama",
      "Romance"
    ],
    "streamingPlatforms": [
      "Prime Vídeo"
    ],
    "createdAt": "2025-05-03T15:31:45.897Z",
    "updatedAt": "2025-05-09T21:11:45.327Z",
    "description": "Nove histórias que se entrelaçam mostrando as complexidades da emoção que nos conecta a todos: o amor. Entre os personagens, o belo recém-eleito primeiro-ministro britânico, David, que se apaixona por uma jovem funcionária. Uma desenhista gráfica, Sarah, cuja devoção a seu irmão, doente mental, complica sua vida amorosa. Harry, um homem casado tentado por sua atraente nova secretária. São vidas e amores que se misturam na romântica Londres, e atingem o seu clímax na noite de Natal.",
    "thumbnail": "https://image.tmdb.org/t/p/w500/zoZvqAlIt6U8XWyo2ROU2SpTVAc.jpg",
    "original_title": "Love Actually",
    "vote_average": "7.1",
    "vote_count": 6951,
    "certification": "16",
    "adult": false,
    "keywords": [
      "Londres, Inglaterra",
      "presidente dos EUA",
      "estrela do rock",
      "desempenho escolar",
      "amor à primeira vista",
      "feriado",
      "guerra contra o terror",
      "Marselha, França",
      "escritório",
      "festa de natal",
      "barreira linguística",
      "primeiro-ministro",
      "conferência de imprensa",
      "bares e restaurantes",
      "Dia dos Namorados",
      "aeroporto de Heathrow",
      "múltiplas histórias",
      "Natal",
      "despreocupado"
    ]
  },
  {
    "id": "378fec7d-87a7-4033-81d7-88e93b04383b",
    "title": "Soul",
    "year": 2020,
    "director": "Pete Docter",
    "genres": [
      "Animação",
      "Família",
      "Comédia",
      "Fantasia"
    ],
    "streamingPlatforms": [
      "Disney Plus"
    ],
    "createdAt": "2025-05-05T02:45:58.000Z",
    "updatedAt": "2025-05-09T21:12:04.087Z",
    "description": "Joe Gardner é um professor de música de ensino fundamental desanimado por não conseguir alcançar seu sonho de tocar no lendário clube de jazz The Blue Note, em Nova York. Quando um acidente o transporta para fora do seu corpo, fazendo com que ele exista em outra realidade na forma de sua alma, ele se vê forçado a embarcar em uma aventura ao lado da alma de uma criança que ainda está aprendendo sobre si, para aprender o que é necessário para retomar sua vida.",
    "thumbnail": "https://image.tmdb.org/t/p/w500/bzDAfXoqNAvWUe7uss2NE3BmRqy.jpg",
    "original_title": "Soul",
    "vote_average": "8.1",
    "vote_count": 10748,
    "certification": "L",
    "adult": false,
    "keywords": [
      "cidade de Nova York",
      "jazz",
      "músico",
      "gato",
      "autodescoberta",
      "cantor ou músico de jazz",
      "professor",
      "pós-créditos stinger",
      "durante os créditos stinger",
      "vida após a morte",
      "considerado"
    ]
  },
  {
    "id": "f327af82-a0d7-4ad9-ac7e-954ef015cb89",
    "title": "Soul Surfer: Coragem de Viver",
    "year": 2011,
    "director": " Sean McNamara",
    "genres": [
      "Família",
      "Drama",
      "Biografia",
      "Esporte"
    ],
    "streamingPlatforms": [
      "Prime Video"
    ],
    "createdAt": "2025-05-05T02:11:11.826Z",
    "updatedAt": "2025-05-09T21:11:53.759Z",
    "description": "A adolescente Bethany tem um talento natural para o surf e transforma sua vida após perder seu braço devido a um ataque de tubarão. Encorajada pelo amor de seus pais e recusando desistir, Bethany volta ao mundo das competições quando se recupera do acidente, mas dúvidas sobre seu futuro a perturbam.",
    "thumbnail": "https://image.tmdb.org/t/p/w500/q1Lj4O99guQTPNsPGiUgsxfFvXK.jpg",
    "original_title": "Soul Surfer",
    "vote_average": "7",
    "vote_count": 1188,
    "certification": "10",
    "adult": false,
    "keywords": [
      "depressão",
      "surfe",
      "surfista",
      "prancha de surfe",
      "praia",
      "baseado em romance ou livro",
      "Havaí",
      "ataque de tubarão",
      "Tailândia",
      "voltar",
      "baseado em uma história real",
      "bikini",
      "voluntário",
      "relações familiares",
      "hospital",
      "doutor",
      "baseado em memórias ou autobiografia",
      "tubarão",
      "braço protético",
      "maiô",
      "filme cristão",
      "cristão",
      "competição de surfe",
      "surfista feminina",
      "braço decepado",
      "inspirador",
      "desafiador"
    ]
  },
  {
    "id": "16cb93dc-f89e-4ef5-85d8-f62f37d1241e",
    "title": "Dirty Dancing: Ritmo Quente",
    "year": 1987,
    "director": " Emile Ardolino",
    "genres": [
      "Drama",
      "Música",
      "Romance"
    ],
    "streamingPlatforms": [
      "Prime Video"
    ],
    "createdAt": "2025-05-05T00:12:10.397Z",
    "updatedAt": "2025-05-09T21:11:55.694Z",
    "description": "Este romance musical é um marco dos anos 80, com dança, amor e uma energia contagiante. A história de Baby e Johnny, com a trilha sonora inesquecível (“The Time of My Life”), é perfeita para reacender memórias felizes de uma época marcante, especialmente para mulheres que se encantaram por esse clássico na juventude.",
    "thumbnail": "https://image.tmdb.org/t/p/w500/mUVIRUpqKQa8uKDgyYrQHs6rlbz.jpg",
    "original_title": "Dirty Dancing",
    "vote_average": "7.3",
    "vote_count": 6237,
    "certification": "12",
    "adult": false,
    "keywords": [
      "hotel",
      "filha",
      "dança",
      "amor secreto",
      "roubo",
      "relacionamento entre irmãos",
      "acampamento de verão",
      "mestre de dança",
      "mambo",
      "apresentação de dança",
      "chegando à maioridade",
      "paixão adolescente",
      "adolescente",
      "doutor",
      "diferenças de classe",
      "férias em família",
      "sensualidade",
      "romance de verão",
      "resort Catskill",
      "brincalhão",
      "romântico",
      "audacioso"
    ]
  },
  {
    "id": "b42f9007-9587-4f64-994e-58ec34bbfc79",
    "title": "Um Sonho Possível",
    "year": 2009,
    "director": " John Lee Hancock",
    "genres": [
      "Drama",
      "Esporte",
      "Biografia"
    ],
    "streamingPlatforms": [
      "HBO Max",
      "Prime Video"
    ],
    "createdAt": "2025-05-05T00:57:29.853Z",
    "updatedAt": "2025-05-09T21:11:58.034Z",
    "description": "Michael Oher era um jovem negro, filho de uma mãe viciada e não tinha onde morar. Com boa vocação para os esportes, um dia ele foi avistado pela família de Leigh Anne Tuohy, andando em direção ao estádio da escola para poder dormir longe da chuva. Ao ser convidado para passar uma noite na casa dos milionários, Michael não tinha ideia que aquele dia iria mudar para sempre a sua vida, tornando-se mais tarde um astro do futebol americano.",
    "thumbnail": "https://image.tmdb.org/t/p/w500/an63NUD0TUMreFNo4z60Ec8poF9.jpg",
    "original_title": "The Blind Side",
    "vote_average": "7.7",
    "vote_count": 6480,
    "certification": null,
    "adult": false,
    "keywords": [
      "esportes",
      "futebol americano",
      "adoção",
      "escola particular",
      "educação",
      "baseado em uma história real",
      "Memphis, Tennessee",
      "durante os créditos stinger",
      "cristão",
      "futebol americano do ensino médio"
    ]
  },
  {
    "id": "61fa1cd0-ec52-4783-819c-9dde63dcd7af",
    "title": "O Diário de Bridget Jones",
    "year": 2001,
    "director": "Sharon Maguire",
    "genres": [
      "Comédia",
      "Romance"
    ],
    "streamingPlatforms": [
      "Netflix",
      "HBO Max"
    ],
    "createdAt": "2025-05-02T22:50:59.297Z",
    "updatedAt": "2025-05-09T21:12:03.276Z",
    "description": "Bridget Jones, uma mulher de trinta anos, decide, entre as resoluções de Ano Novo escrever um diário. Bridget revela, a cada capítulo, as suas qualidades e os seus defeitos, além de expor com muito humor situações que fazem parte do dia-a-dia de várias mulheres nesta mesma faixa de idade: problemas com o trabalho, a busca do homem ideal etc. Cada capítulo do livro trata de um determinado dia na vida desta anti-heroína, que sempre inicia o seu relato contabilizando o peso e as calorias, cigarros e unidades alcoólicas que consumiu no dia anterior.",
    "thumbnail": "https://image.tmdb.org/t/p/w500/acjZNtv1H6wVadXnleSmYFjZk5k.jpg",
    "original_title": "Bridget Jones's Diary",
    "vote_average": "6.7",
    "vote_count": 5198,
    "certification": "12",
    "adult": false,
    "keywords": [
      "filha",
      "Londres, Inglaterra",
      "doença de amor",
      "Inglaterra",
      "frustração sexual",
      "álcool",
      "relacionamento pai-filho",
      "telecaster",
      "aniversário",
      "cigarro",
      "diário",
      "advogado",
      "repórter",
      "caso extraconjugal",
      "durante os créditos stinger",
      "diretora mulher"
    ]
  },
  {
    "id": "2068cc48-bdaf-46bd-9950-b0cbc15265e6",
    "title": "Sete Vidas",
    "year": 2008,
    "director": "Gabriele Muccino",
    "genres": [
      "Drama"
    ],
    "streamingPlatforms": [
      "Max",
      "Prime Video",
      "Google Play",
      "Microsoft Store"
    ],
    "createdAt": "2025-05-09T22:44:28.650Z",
    "updatedAt": "2025-05-09T22:44:28.650Z",
    "description": "Ben Thomas é um agente do imposto de renda que possui um segredo trágico. Por conta disso, ele é um homem que tem um grande sentimento de culpa, o que faz com que salve as vidas de completos desconhecidos. Porém, tudo muda quando ele conhece Emily Posa, pela primeira vez é Ben quem tem a chance de ser salvo.",
    "thumbnail": "https://image.tmdb.org/t/p/w500/pxJOJUV9UVYMlHmQVUh4zcXCOSf.jpg",
    "original_title": "Seven Pounds",
    "vote_average": "7.6",
    "vote_count": 6886,
    "certification": "12",
    "adult": false,
    "keywords": [
      "tristeza",
      "vegetariano",
      "cobrador de impostos",
      "cego",
      "pianista",
      "transplante de órgãos",
      "tipo sanguíneo",
      "história triste",
      "admirando",
      "final surpreendente"
    ]
  },
  {
    "id": "d1debd01-3dfb-4f45-94b5-897ed79c169d",
    "title": "A Árvore da Vida",
    "year": 2011,
    "director": "Terrence Malick",
    "genres": [
      "Drama",
      "Fantasia"
    ],
    "streamingPlatforms": [
      "Prime Video"
    ],
    "createdAt": "2025-05-10T00:41:51.392Z",
    "updatedAt": "2025-05-10T00:41:51.392Z",
    "description": "Conta a história que aproxima o foco na relação entre pai e filho de uma família comum, e expande a ótica desta rica relação, ao longo dos séculos, desde o Big Bang até o fim dos tempos, em uma fabulosa viagem pela história da vida e seus mistérios, que culmina na busca pelo amor altruísta e o perdão.",
    "thumbnail": "https://image.tmdb.org/t/p/w500/iDt5nvv2TdZsFFuF5JvnEZr6RGB.jpg",
    "original_title": "The Tree of Life",
    "vote_average": "6.7",
    "vote_count": 3140,
    "certification": "10",
    "adult": false,
    "keywords": [
      "relacionamento entre irmãos",
      "relacionamento pai-filho",
      "vida após a morte",
      "cristandade",
      "filosofia",
      "árvore",
      "sol",
      "Texas",
      "telegrama",
      "Bíblia",
      "surrealismo",
      "meteoro",
      "chegando à maioridade",
      "espiritualidade",
      "pesar",
      "espaço",
      "religião",
      "memória",
      "dinossauro",
      "aniversário",
      "morte",
      "graça",
      "infância",
      "morte do irmão",
      "silhueta",
      "existencialismo",
      "organista",
      "masculinidade",
      "cosmos",
      "década de 1950",
      "filosófico",
      "autorreflexão",
      "bebê recém-nascido",
      "tocador de órgão",
      "Waco, Texas",
      "relacionamento pai-filho",
      "relacionamento mãe-filho",
      "relacionamento irmão irmão",
      "fluxo de consciência",
      "vida",
      "crise existencial",
      "panteísmo"
    ]
  },
  {
    "id": "ccefbd4b-621b-453f-bf8e-e586f23a22e6",
    "title": "Guardiões da Galáxia - Vol. 2",
    "year": 2017,
    "director": "James Gunn",
    "genres": [
      "Ficção Científica",
      "Aventura",
      "Ação"
    ],
    "streamingPlatforms": [
      "Disney+"
    ],
    "createdAt": "2025-05-09T22:44:31.045Z",
    "updatedAt": "2025-05-21T17:59:29.634Z",
    "description": "Os Guardiões precisam lutar para manter sua recém descoberta família unida, enquanto descobrem os mistérios sobre o verdadeiro pai de Peter Quill.",
    "thumbnail": "https://image.tmdb.org/t/p/w500/jGtBLu0JAKf5JxhWgmF68HROzCA.jpg",
    "original_title": "Guardians of the Galaxy Vol. 2",
    "vote_average": "7.6",
    "vote_count": 21943,
    "certification": "12",
    "adult": false,
    "keywords": [
      "super-herói",
      "baseado em história em quadrinhos",
      "sequência",
      "desajustado",
      "espaço",
      "pós-créditos stinger",
      "durante os créditos stinger",
      "universo cinematográfico marvel (mcu)",
      "egoísta"
    ]
  },
  {
    "id": "aba0b684-e1dc-4312-8750-33a45df99d59",
    "title": "O Som do Coração",
    "year": 2007,
    "director": "Kirsten Sheridan",
    "genres": [
      "Família",
      "Drama",
      "Música"
    ],
    "streamingPlatforms": [],
    "createdAt": "2025-05-12T13:47:26.903Z",
    "updatedAt": "2025-05-12T13:47:26.903Z",
    "description": "August Rush (Freddie Highmore) é resultado do encontro casual entre um guitarrista e uma violoncelista. Crescido em orfanato e dotado de um dom musical impressionante, ele se apresenta nas ruas de Nova York ao lado do divertido Wizard (Robin Williams). Contando apenas com seu talento musical, August decide usá-lo para tentar reencontrar seus pais.",
    "thumbnail": "https://image.tmdb.org/t/p/w500/r9QmZp0oOGS7ouyLoJIc3J91njP.jpg",
    "original_title": "August Rush",
    "vote_average": "7.4",
    "vote_count": 2717,
    "certification": "PG",
    "adult": false,
    "keywords": [
      "cidade de Nova York",
      "amor da vida de alguém",
      "guitarra",
      "compositor",
      "perda de um ente querido",
      "amor à primeira vista",
      "orfanato",
      "mentira",
      "amor proibido",
      "criança prodígio",
      "amor maternal",
      "diretora mulher",
      "rapsódia"
    ]
  },
  {
    "id": "4fe14513-bfde-40ff-bc2c-9d4c929bf875",
    "title": "Os Estagiários",
    "year": 2013,
    "director": "Shawn Levy",
    "genres": [
      "Comédia"
    ],
    "streamingPlatforms": [
      "Disney+",
      "Netflix"
    ],
    "createdAt": "2025-05-12T21:35:20.800Z",
    "updatedAt": "2025-05-12T21:35:20.800Z",
    "description": "Billy (Vince Vaughn) e Nick (Owen Wilson) são grandes amigos e trabalham juntos como vendedores de relógios. Eles são pegos de surpresa quando seu chefe (John Goodman) fecha a empresa, por acreditar que o negócio esteja ultrapassado. Com problemas financeiros, eles conseguem a inscrição em uma seleção de estágio no Google. Mesmo sem terem a garantia que serão contratados, eles partem para a sede da empresa e lá precisam lidar com a diferença de idade entre eles e os demais competidores.",
    "thumbnail": "https://image.tmdb.org/t/p/w500/eJ2yNRyP3QJ36lO81f19ep98eWw.jpg",
    "original_title": "The Internship",
    "vote_average": "6.2",
    "vote_count": 4238,
    "certification": "12",
    "adult": false,
    "keywords": [
      "amizade",
      "Califórnia",
      "concorrência",
      "entrevista de emprego",
      "loja de colchões",
      "vale do silício",
      "rivalidade",
      "peixe fora d'água",
      "namorando",
      "perda de emprego",
      "redução de tamanho",
      "procura de emprego",
      "trabalho de verão",
      "vendedores",
      "demitido",
      "programação de computadores",
      "estudante universitário",
      "recomeçando",
      "sincero",
      "Google",
      "programador de computador",
      "emprego dos sonhos",
      "irônico",
      "o estranho no grupo",
      "quadribol",
      "festa",
      "irreverente",
      "trabalho em equipe",
      "direto",
      "habilidades de informática",
      "didático",
      "só trabalho, sem diversão",
      "regras e regulamentos",
      "estágio",
      "divertido",
      "admirando",
      "apreciativo",
      "clichê",
      "reconfortante",
      "digno",
      "familiar",
      "discurso de vendas",
      "era digital"
    ]
  },
  {
    "id": "f514b52f-83e8-4ca7-9b47-8835042bcee2",
    "title": "Um Senhor Estagiário",
    "year": 2015,
    "director": "Nancy Meyers",
    "genres": [
      "Comédia"
    ],
    "streamingPlatforms": [
      "Max",
      "Prime Video",
      "Google Play",
      "Microsoft Store"
    ],
    "createdAt": "2025-05-12T21:37:12.178Z",
    "updatedAt": "2025-05-12T21:37:12.178Z",
    "description": "Jules Ostin é a criadora de um bem-sucedido site de venda de roupas que leva uma vida bastante atarefada, devido às exigências do cargo. Quando sua empresa inicia um projeto de contratar idosos como estagiários, em uma tentativa de colocá-los de volta à ativa, cabe a ela trabalhar com o viúvo Ben Whittaker. Aos 70 anos, Ben leva uma vida monótona e vê o estágio como uma oportunidade de se reinventar. Por mais que enfrente o inevitável choque de gerações, logo ele conquista os colegas de trabalho e se aproxima cada vez mais de Jules, que passa a vê-lo como um amigo.",
    "thumbnail": "https://image.tmdb.org/t/p/w500/jjI2z9PvWm69DHzhyYIrsmD6Gj6.jpg",
    "original_title": "The Intern",
    "vote_average": "7.2",
    "vote_count": 6860,
    "certification": "10",
    "adult": false,
    "keywords": [
      "cidade de Nova York",
      "amizade",
      "São Francisco, Califórnia",
      "escritório",
      "massagista",
      "site",
      "tai chi",
      "Internet",
      "peixe fora d'água",
      "Brooklyn, cidade de Nova York",
      "criação de negócios",
      "motorista",
      "idoso",
      "CEO",
      "figura paterna",
      "estagiário",
      "mídias sociais",
      "cavalheiro",
      "diretora mulher",
      "meditativo",
      "vida na cidade",
      "considerado",
      "cavalheirismo",
      "vida de aposentado",
      "professional woman",
      "loving",
      "relaxado",
      "introspectivo",
      "inspirador",
      "despreocupado",
      "estágio",
      "e-com",
      "sentimental",
      "inteligente",
      "varejista",
      "adorador",
      "apreciativo",
      "empático",
      "entusiasmado",
      "familiar",
      "gentil",
      "esperançoso",
      "alegre",
      "modesto",
      "otimista",
      "sincero",
      "simpático",
      "vibrante",
      "viúvo idoso",
      "loja online"
    ]
  },
  {
    "id": "d061bb12-47f5-4ace-ae36-38e1f0fef6f8",
    "title": "Se Beber, Não Case!",
    "year": 2009,
    "director": "Todd Phillips",
    "genres": [
      "Comédia"
    ],
    "streamingPlatforms": [
      "Prime Video",
      "Max",
      "Google Play",
      "Microsoft Store"
    ],
    "createdAt": "2025-05-12T21:37:14.606Z",
    "updatedAt": "2025-05-12T21:37:14.606Z",
    "description": "Dois dias antes de seu casamento, Doug e três amigos vão de carro até Las Vegas para uma louca e memorável despedida de solteiro. Quando os três padrinhos acordam na manhã seguinte, eles não conseguem se lembrar de nada e notam que Doug desapareceu. Com pouco tempo de sobra, os amigos tentam refazer a noite anterior e encontrar Doug para que possam levá-lo de volta a Los Angeles a tempo de chegar ao altar.",
    "thumbnail": "https://image.tmdb.org/t/p/w500/q55Gluy15mKdjgES7TdETHecWqv.jpg",
    "original_title": "The Hangover",
    "vote_average": "7.3",
    "vote_count": 17228,
    "certification": "14",
    "adult": false,
    "keywords": [
      "blackjack",
      "despedida de solteiro",
      "fim de semana perdido",
      "capela",
      "atingido por uma chave de roda",
      "perda de memória",
      "Las Vegas",
      "drogas",
      "irreverente",
      "absurdo",
      "dramático",
      "divertido",
      "divertido",
      "comemorativo",
      "ridículo",
      "宿醉"
    ]
  },
  {
    "id": "07bd5ef6-6d39-4f4e-ad47-10f661b00433",
    "title": "Purple Rain",
    "year": 1984,
    "director": "Albert Magnoli",
    "genres": [
      "Drama",
      "Música",
      "Romance"
    ],
    "streamingPlatforms": [
      "Prime Video",
      "Google Play"
    ],
    "createdAt": "2025-05-19T00:24:08.566Z",
    "updatedAt": "2025-05-19T00:24:08.566Z",
    "description": "Vítima de sua própria ira, Kid é um músico de Minneapolis que se dedica à banda Revolution para escapar de uma vida doméstica tumultuada através da música. Enquanto evita cometer os mesmos erros que seu pai, Kid circula por clubes e tem um relacionamento conturbado com Apollonia, uma cantora cativante. Mas outro músico, Morris, quer roubar a atenção de Kid e de sua namorada.",
    "thumbnail": "https://image.tmdb.org/t/p/w500/vkQmzaSuDj8QyXmwNhCceCAmwUe.jpg",
    "original_title": "Purple Rain",
    "vote_average": "6.7",
    "vote_count": 385,
    "certification": "12",
    "adult": false,
    "keywords": [
      "estrela pop",
      "tentativa de suicídio",
      "aspirante a cantora",
      "ansioso",
      "admirando",
      "comandando",
      "vibrante"
    ]
  },
  {
    "id": "dab53a3b-29e3-451b-9d54-210f9006dd06",
    "title": "A Conversação",
    "year": 1974,
    "director": "Francis Ford Coppola",
    "genres": [
      "Crime",
      "Drama",
      "Mistério"
    ],
    "streamingPlatforms": [],
    "createdAt": "2025-05-19T00:24:10.964Z",
    "updatedAt": "2025-05-19T00:24:10.964Z",
    "description": "O expert em vigilância Harry Caul é contratado por um cliente misterioso para perseguir um jovem casal. Harry Caul, é um expert em vigilância, conhecido nacionalmente por seu profissionalismo. Ele é contratado pelo diretor de uma grande empresa para vigiar e gravar as conversas de um casal de amantes. Porém, no passado um trabalho dele provocou a morte de três pessoas, diante desse novo trabalho ele teme que algo parecido aconteça.",
    "thumbnail": "https://image.tmdb.org/t/p/w500/nHa10YW4PTPnYEkfgQpSLDiR8Xe.jpg",
    "original_title": "The Conversation",
    "vote_average": "7.5",
    "vote_count": 1844,
    "certification": "14",
    "adult": false,
    "keywords": [
      "sombreamento",
      "São Francisco, Califórnia",
      "tecnologia",
      "espião",
      "fita de áudio",
      "paranóia",
      "grampo telefônico",
      "saxofone",
      "conspiração",
      "evento trágico",
      "vigilância",
      "voyeur"
    ]
  },
  {
    "id": "dd24e43e-7ab5-4a5c-b312-0ee5564409ce",
    "title": "Amor à Flor da Pele",
    "year": 2000,
    "director": "王家衛",
    "genres": [
      "Drama",
      "Romance"
    ],
    "streamingPlatforms": [],
    "createdAt": "2025-05-19T00:27:17.458Z",
    "updatedAt": "2025-05-19T00:27:17.458Z",
    "description": "Ambientado em Hong Kong no início dos anos 60, dois vizinhos, Sr. Chow e Sra. Chan, criam um vínculo depois de começarem a suspeitar que seus respectivos cônjuges estão tendo um caso juntos.",
    "thumbnail": "https://image.tmdb.org/t/p/w500/7Quda9rbWobhB0Qc01APlrg0A8T.jpg",
    "original_title": "花樣年華",
    "vote_average": "8.1",
    "vote_count": 2912,
    "certification": "14",
    "adult": false,
    "keywords": [
      "adultério",
      "jornal",
      "amor secreto",
      "artes marciais",
      "doença de amor",
      "relacionamento marido-mulher",
      "Xangai, China",
      "crise no casamento",
      "casal",
      "Cingapura",
      "marido enganado",
      "amor proibido",
      "vizinho",
      "autor",
      "Hong Kong",
      "caso extraconjugal",
      "década de 1960",
      "impressionado"
    ]
  },
  {
    "id": "dc632a5c-4ab4-4e4e-93a5-61638e7c8301",
    "title": "A Cor Púrpura",
    "year": 1985,
    "director": "Steven Spielberg",
    "genres": [
      "Drama",
      "História"
    ],
    "streamingPlatforms": [
      "Max",
      "Prime Video",
      "Google Play"
    ],
    "createdAt": "2025-05-19T00:30:11.214Z",
    "updatedAt": "2025-05-19T00:30:11.214Z",
    "description": "Em 1906, em uma pequena cidade da Georgia, sul dos Estados Unidos, a quase adolescente Celie, violentada pelo próprio pai, torna-se mãe de duas crianças. Separada dos filhos, Celie, é doada à Mister, que a trata como companheira e escrava ao mesmo tempo. Cada vez mais calada e solitária, Celie passa a compartilhar sua tristeza em carta.",
    "thumbnail": "https://image.tmdb.org/t/p/w500/xMiXnyVOIM8ZXr1DlnsKKcwHuil.jpg",
    "original_title": "The Color Purple",
    "vote_average": "7.8",
    "vote_count": 1841,
    "certification": "14",
    "adult": false,
    "keywords": [
      "prisão",
      "estupro",
      "relacionamento entre irmãos",
      "jazz",
      "sul dos EUA",
      "África",
      "empoderamento",
      "adoção",
      "pai abusivo",
      "marido violento",
      "cantor ou músico de jazz",
      "carta",
      "cínico",
      "incesto",
      "nervoso",
      "agressivo",
      "desesperado",
      "complexo",
      "ansioso",
      "cauteloso",
      "sentimental",
      "antagônico",
      "autoritário",
      "insensível",
      "comemorativo",
      "condescendente",
      "desafiador",
      "severo",
      "sinistro"
    ]
  },
  {
    "id": "e1d425d5-84bd-4cf5-91ff-e8f20291b62d",
    "title": "O Vento nos Levará",
    "year": 1999,
    "director": "Abbas Kiarostami",
    "genres": [
      "Drama"
    ],
    "streamingPlatforms": [],
    "createdAt": "2025-05-19T01:03:41.677Z",
    "updatedAt": "2025-05-19T01:03:41.677Z",
    "description": "Um iraniano e seus dois assistentes chegam a uma humilde vila na região do Curdistão. Nomeado pelos locais como \"Engenheiro\", o homem é guiado por um garoto que o leva à uma anciã que parece estar prestes a morrer. O recém-chegado então passa a acompanhar os rituais e costumes daquela comunidade, enquanto cumpre seu propósito. Dirigido por Abbas Kiarostami e vencedor de três prêmios no Festival de Veneza.",
    "thumbnail": "https://image.tmdb.org/t/p/w500/9cwUbEsu0gDqokLt32C3GJgiMsR.jpg",
    "original_title": "باد ما را خواهد برد",
    "vote_average": "7.2",
    "vote_count": 177,
    "certification": null,
    "adult": false,
    "keywords": [
      "cidade pequena",
      "engenharia",
      "área rural",
      "peixe fora d'água",
      "Irã"
    ]
  },
  {
    "id": "fda81aa0-94d2-4f70-a9bf-41bbcf934671",
    "title": "Rastros de Ódio",
    "year": 1956,
    "director": "John Ford",
    "genres": [
      "Faroeste"
    ],
    "streamingPlatforms": [
      "Prime Video",
      "Google Play",
      "Microsoft Store"
    ],
    "createdAt": "2025-05-19T01:03:43.961Z",
    "updatedAt": "2025-05-19T01:03:43.961Z",
    "description": "O veterano da Guerra Civil Ethan Edwards chega ao Texas em 1868 e encontra o seu irmão e a família dele. No dia seguinte, Comanches invadem o rancho, matam o seu irmão e Martha, a esposa dele, e raptam as duas filhas do casal. Ethan parte então em uma busca vingativa junto com o companheiro Martin, um mestiço que logo percebe que Ethan está obcecado por matar os índios. Ao encontrarem o corpo da mais velha, saem em busca da caçula, por quem procuram mais 5 anos no deserto.",
    "thumbnail": "https://image.tmdb.org/t/p/w500/d06p3ayUtXFgjMtr5A8FcpPzbGZ.jpg",
    "original_title": "The Searchers",
    "vote_average": "7.7",
    "vote_count": 1458,
    "certification": "12",
    "adult": false,
    "keywords": [
      "irmão",
      "nativo americano",
      "tio",
      "racista",
      "preconceito",
      "racismo",
      "massacre",
      "deserto",
      "cavalaria",
      "reverendo",
      "comanche",
      "tecnicolor",
      "veterano da guerra civil",
      "abdução"
    ]
  },
  {
    "id": "7dacf4a4-744e-44d5-9717-ab6e43ef7d15",
    "title": "Mal dos Trópicos",
    "year": 2004,
    "director": "Apichatpong Weerasethakul",
    "genres": [
      "Drama",
      "Romance",
      "Fantasia"
    ],
    "streamingPlatforms": [],
    "createdAt": "2025-05-19T01:03:46.267Z",
    "updatedAt": "2025-05-19T01:03:46.267Z",
    "description": "O relacionamento apaixonado entre dois homens com consequências incomuns. O filme é dividido em duas partes. A primeira metade registra a modesta atração entre dois homens na paisagem ensolarada e relaxante e a segunda metade registra a confusão e o terror de uma ameaça desconhecida oculta nas sombras da selva.",
    "thumbnail": "https://image.tmdb.org/t/p/w500/9WJ8ZSZp2NC7jSvweFLskldpzzg.jpg",
    "original_title": "สัตว์ประหลาด",
    "vote_average": "6.8",
    "vote_count": 132,
    "certification": null,
    "adult": false,
    "keywords": [
      "tigre",
      "homossexualidade masculina",
      "área rural",
      "xamã",
      "tema gay",
      "amor de meninos (bl)"
    ]
  },
  {
    "id": "064cfcd1-fc46-462b-8932-f32477405de8",
    "title": "Dogville",
    "year": 2003,
    "director": "Lars von Trier",
    "genres": [
      "Crime",
      "Drama",
      "Thriller"
    ],
    "streamingPlatforms": [],
    "createdAt": "2025-05-19T01:15:32.576Z",
    "updatedAt": "2025-05-19T01:15:32.576Z",
    "description": "Situado em uma pequena cidade fictícia dos EUA durante os anos 30 e filmado em um estúdio com um cenário mínimo, este filme conta a história de Grace, uma jovem que está fugindo de gângsteres e se refugia na pequena cidade mineira de Dogville.",
    "thumbnail": "https://image.tmdb.org/t/p/w500/4Zttw5dmKeU8BNIwGFlFht5oDKL.jpg",
    "original_title": "Dogville",
    "vote_average": "7.8",
    "vote_count": 2486,
    "certification": "16",
    "adult": false,
    "keywords": [
      "amizade",
      "escravidão",
      "estupro",
      "polícia",
      "vida na aldeia",
      "refugiado",
      "chantagem",
      "montanha",
      "sonho americano",
      "assaltante de banco",
      "julgamento final",
      "aldeia de montanha",
      "exploração",
      "montanhas rochosas",
      "mulher mártir",
      "trabalho físico",
      "cartaz de procurado",
      "trabalho forçado",
      "escravidão",
      "recessão",
      "casa de arte",
      "bandido",
      "gangsters",
      "filme experimental",
      "filme de vanguarda",
      "filme de arte"
    ]
  },
  {
    "id": "74fb5e1e-e486-4c03-bbeb-7c4759cd72cc",
    "title": "Paixão à Flor da Pele",
    "year": 2004,
    "director": "Paul McGuigan",
    "genres": [
      "Drama",
      "Mistério",
      "Romance",
      "Thriller"
    ],
    "streamingPlatforms": [
      "Prime Video",
      "Google Play"
    ],
    "createdAt": "2025-05-19T17:32:09.586Z",
    "updatedAt": "2025-05-19T17:32:09.586Z",
    "description": "Matthew (Josh Hartnett) é um jovem empresário que acredita ter visto em um café a mulher (Diane Kruger) que foi seu grande amor, que desapareceu misteriosamente há dois anos. Ele decide segui-la, descobrindo aonde ela mora. Esta se torna sua rotina durante vários dias, tornando-se uma obsessão para Matthew reencontrá-la. Um dia ele decide invadir o apartamento dela, para poder esperá-la. Porém o que ele não sabe é que a mulher que segue não é exatamente quem ele pensa ser, e que ela sabe exatamente o que está fazendo.",
    "thumbnail": "https://image.tmdb.org/t/p/w500/ex3AQL7oWYn17esXxt5qTv5L0uZ.jpg",
    "original_title": "Wicker Park",
    "vote_average": "6.8",
    "vote_count": 697,
    "certification": null,
    "adult": false,
    "keywords": [
      "amor da vida de alguém",
      "deixar",
      "sósia",
      "intriga"
    ]
  },
  {
    "id": "cf16eea9-9ea6-49cb-aa18-4c66976551ab",
    "title": "Cidade dos Sonhos",
    "year": 2001,
    "director": "David Lynch",
    "genres": [
      "Thriller",
      "Drama",
      "Mistério"
    ],
    "streamingPlatforms": [
      "Google Play",
      "Microsoft Store"
    ],
    "createdAt": "2025-05-19T17:40:35.238Z",
    "updatedAt": "2025-05-19T17:40:35.238Z",
    "description": "Uma jovem atriz viaja para Hollywood e se vê emaranhada numa intriga secreta com uma mulher que escapou por pouco de ser assassinada, e que agora se encontra com amnésia devido a um acidente de carro. Seu mundo se torna um pesadelo e surreal.",
    "thumbnail": "https://image.tmdb.org/t/p/w500/nLAE1zU4jLX3qxx4d87Nz7DsqQg.jpg",
    "original_title": "Mulholland Drive",
    "vote_average": "7.8",
    "vote_count": 6506,
    "certification": "16",
    "adult": false,
    "keywords": [
      "amnésia",
      "perda do senso de realidade",
      "esquizofrenia",
      "pesadelo",
      "assassino de aluguel",
      "passado reprimido",
      "identidade",
      "chave",
      "detetive",
      "entrevista de emprego",
      "bissexualidade",
      "trauma",
      "alucinação",
      "surreal",
      "surrealismo",
      "fundição",
      "Hollywood",
      "Los Angeles, Califórnia",
      "acidente de carro",
      "audição",
      "sósia",
      "critério",
      "neo-noir",
      "ambíguo"
    ]
  },
  {
    "id": "5bf0820b-5810-4545-b228-ba495aa7ffc3",
    "title": "Corra!",
    "year": 2017,
    "director": "Jordan Peele",
    "genres": [
      "Mistério",
      "Thriller",
      "Terror"
    ],
    "streamingPlatforms": [
      "Prime Video",
      "Google Play"
    ],
    "createdAt": "2025-05-19T17:45:49.777Z",
    "updatedAt": "2025-05-19T17:45:49.777Z",
    "description": "Agora que Chris e sua namorada, Rose, chegaram à fase de conhecer os pais no namoro, ela o convida para um fim de semana no interior com Missy e Dean. A princípio, Chris acha que o comportamento excessivamente agradável dos dois como tentativas nervosas de lidar com o relacionamento inter-racial da filha, mas, conforme o fim de semana avança, uma série de descobertas cada vez mais perturbadoras o levam a uma verdade que ele jamais poderia ter imaginado.",
    "thumbnail": "https://image.tmdb.org/t/p/w500/7hmmKIWDHi7jzOiGzffZesXKKfp.jpg",
    "original_title": "Get Out",
    "vote_average": "7.6",
    "vote_count": 17865,
    "certification": "14",
    "adult": false,
    "keywords": [
      "sequestro",
      "ação controlada externamente",
      "manipulação",
      "comédia de humor negro",
      "hipnose",
      "sogros",
      "sátira",
      "racista",
      "vingança",
      "relacionamento interracial",
      "desaparecimento",
      "racismo",
      "suspense psicológico",
      "mordendo",
      "cego",
      "neurocirurgião",
      "pessoa desaparecida",
      "estereótipo",
      "cirurgia cerebral",
      "satírico",
      "consciente da raça",
      "aborrecido"
    ]
  },
  {
    "id": "539cd2a4-990a-4c32-9181-3dfa5b5a364d",
    "title": "Fora de Rumo",
    "year": 2005,
    "director": "Mikael Håfström",
    "genres": [
      "Drama",
      "Thriller"
    ],
    "streamingPlatforms": [],
    "createdAt": "2025-05-19T17:48:12.902Z",
    "updatedAt": "2025-05-19T17:48:12.902Z",
    "description": "Charles Schine (Clive Owen) e Lucinda Harris (Jennifer Aniston) são dois executivos casados, que mantém um caso secretamente. Após serem chantageados por um violento criminoso, eles precisam encontrar um meio de salvar seus casamentos e também suas próprias vidas.",
    "thumbnail": "https://image.tmdb.org/t/p/w500/45tcIFuobQubdnxjxEh101xRzng.jpg",
    "original_title": "Derailed",
    "vote_average": "6.4",
    "vote_count": 1048,
    "certification": null,
    "adult": false,
    "keywords": [
      "quarto de hotel",
      "Chicago, Illinois",
      "relacionamento marido-mulher",
      "baseado em romance ou livro",
      "chantagem",
      "carta anônima",
      "vida cotidiana da família",
      "problemas de relacionamento",
      "vítima de estupro",
      "viajante",
      "caso extraconjugal",
      "filha adolescente",
      "executivo de publicidade",
      "tormento",
      "encontro casual",
      "experiência traumática",
      "tensões conjugais",
      "trem de passageiros",
      "criança com doença",
      "criança diabética"
    ]
  },
  {
    "id": "6e6526ff-4411-478d-af4d-13a48cc25234",
    "title": "A Origem",
    "year": 2010,
    "director": "Christopher Nolan",
    "genres": [
      "Ação",
      "Ficção Científica",
      "Aventura"
    ],
    "streamingPlatforms": [
      "Prime Video",
      "Max",
      "Google Play",
      "Microsoft Store"
    ],
    "createdAt": "2025-05-19T17:40:32.764Z",
    "updatedAt": "2025-05-21T17:58:44.615Z",
    "description": "Cobb é um ladrão habilidoso que comete espionagem corporativa infiltrando-se no subconsciente de seus alvos durante o estado de sono. Impedido de retornar para sua família, ele recebe a oportunidade de se redimir ao realizar uma tarefa aparentemente impossível: plantar uma ideia na mente do herdeiro de um império. Para realizar o crime perfeito, ele conta com a ajuda do parceiro Arthur, o discreto Eames e a arquiteta de sonhos Ariadne. Juntos, eles correm para que o inimigo não antecipe seus passos.",
    "thumbnail": "https://image.tmdb.org/t/p/w500/9e3Dz7aCANy5aRUQF745IlNloJ1.jpg",
    "original_title": "Inception",
    "vote_average": "8.4",
    "vote_count": 37455,
    "certification": "14",
    "adult": false,
    "keywords": [
      "resgatar",
      "missão",
      "sonhos",
      "avião",
      "Paris, França",
      "realidade virtual",
      "sequestro",
      "filosofia",
      "espião",
      "alegoria",
      "manipulação",
      "acidente de carro",
      "assalto",
      "memória",
      "arquitetura",
      "Los Angeles, Califórnia",
      "mundo dos sonhos",
      "subconsciente",
      "poderoso"
    ]
  },
  {
    "id": "030a51db-5963-4842-88a4-fd57b1b4713c",
    "title": "Apocalypse Now",
    "year": 1979,
    "director": "Francis Ford Coppola",
    "genres": [
      "Drama",
      "Guerra"
    ],
    "streamingPlatforms": [],
    "createdAt": "2025-05-19T18:50:54.510Z",
    "updatedAt": "2025-05-19T18:50:54.510Z",
    "description": "Durante a guerra do Vietnã, o Capitão Willard recebe como missão ir ao Camboja para assassinar um Boina Verde renegado, o Coronel Kurtz. Este vive no meio de uma tribo local e é venerado como um deus. Mas, chegado ao seu destino, o Capitão Willard descobre que a sua missão é bem diferente do que imaginara.",
    "thumbnail": "https://image.tmdb.org/t/p/w500/gQB8Y5RCMkv2zwzFHbUJX3kAhvA.jpg",
    "original_title": "Apocalypse Now",
    "vote_average": "8.3",
    "vote_count": 8488,
    "certification": "16",
    "adult": false,
    "keywords": [
      "guerrilha",
      "épico",
      "guerra do vietnã",
      "jornalista",
      "missão",
      "Vietnã",
      "vietcongues",
      "agência central de inteligência (CIA)",
      "Camboja",
      "exército",
      "abuso de drogas",
      "baseado em romance ou livro",
      "missão secreta",
      "insanidade",
      "surrealismo",
      "tribo",
      "boina verde",
      "selva",
      "descida à loucura",
      "brutalidade",
      "barco fluvial",
      "militares",
      "macabro",
      "anti-guerra",
      "absurdo",
      "impressionado",
      "comandando",
      "angustiante"
    ]
  },
  {
    "id": "d8094d54-47e0-4fb3-9501-7b026be3d69f",
    "title": "Os Imperdoáveis",
    "year": 1992,
    "director": "Clint Eastwood",
    "genres": [
      "Faroeste"
    ],
    "streamingPlatforms": [
      "Max",
      "Prime Video",
      "Google Play"
    ],
    "createdAt": "2025-05-19T18:50:51.754Z",
    "updatedAt": "2025-05-19T18:57:27.208Z",
    "description": "Bill Munny, um pistoleiro aposentado, volta à ativa quando lhe oferecem 1000 dólares para matar os homens que cortaram o rosto de uma prostituta. Neste serviço dois outros pistoleiros o acompanham e eles precisam se confrontar com um inglês, que também deseja a recompensa e um xerife, que não deseja tumulto em sua cidade.",
    "thumbnail": "https://image.tmdb.org/t/p/w500/4kKECOE65RoVjrXI1ukAZCutLUO.jpg",
    "original_title": "Unforgiven",
    "vote_average": "7.9",
    "vote_count": 4575,
    "certification": "12",
    "adult": false,
    "keywords": [
      "prostituta",
      "xerife",
      "direito e justiça",
      "arrependimento",
      "Wyoming, EUA",
      "Kansas, EUA",
      "vingança",
      "mutilação",
      "um último trabalho",
      "reputação",
      "século XIX",
      "inglês",
      "criador de porcos"
    ]
  },
  {
    "id": "c7b5c880-229d-4d1a-9fab-8e8098cb94fa",
    "title": "O Selvagem da Motocicleta",
    "year": 1983,
    "director": "Francis Ford Coppola",
    "genres": [
      "Crime",
      "Drama",
      "Romance"
    ],
    "streamingPlatforms": [
      "Prime Video"
    ],
    "createdAt": "2025-05-19T00:24:06.364Z",
    "updatedAt": "2025-05-19T19:28:04.496Z",
    "description": "Rusty James é o líder de uma gangue na cidade de Tulsa, no estado de Oklahoma, e sua vida se resume a brigar e namorar a bela Patty. Rusty James foi abandonado pela mãe, tem um pai alcoólatra e idolatra o seu irmão, \"O Motoqueiro\", antigo líder da gangue, uma lenda na cidade, que partiu após uma encrenca com a polícia local. Um dia, o Motoqueiro retorna e Rusty James acha que os dias de glória da \"lenda viva\" também voltarão. Porém, seu irmão está bastante modificado, o que pode levar a um caminho muito diferente do que Rusty James imagina...",
    "thumbnail": "https://image.tmdb.org/t/p/w500/lhNdTxG5ah4RFcDjkEJOqAP7gfN.jpg",
    "original_title": "Rumble Fish",
    "vote_average": "7",
    "vote_count": 697,
    "certification": "16",
    "adult": false,
    "keywords": [
      "gangue de rua",
      "bilhar",
      "gangue",
      "bandido",
      "Tulsa, Oklahoma",
      "relacionamento irmão irmão",
      "baseado em romance para jovens adultos",
      "aborrecido"
    ]
  },
  {
    "id": "0414fa6c-7eef-40a2-b20b-28ac7e035e6a",
    "title": "Todo Mundo em Pânico",
    "year": 2000,
    "director": "Keenen Ivory Wayans",
    "genres": [
      "Comédia"
    ],
    "streamingPlatforms": [
      "Prime Video"
    ],
    "createdAt": "2025-05-02T22:50:59.297Z",
    "updatedAt": "2025-05-21T17:55:46.826Z",
    "description": "Tudo começa quando a apresentadora de telejornal Cindy Campbell descobre uma série de terríveis acontecimentos que ameaçam o planeta, envolvendo invasores extraterrestres, vídeos assassinos, assustadores círculos de plantações, profecias sobre o Escolhido, crianças com olhares sinistros, rappers brancos ambiciosos e até mesmo uma discussão com Michael Jackson.",
    "thumbnail": "https://image.tmdb.org/t/p/w500/y14q7jWS0vH8ZuWPS1v8t8qCmBO.jpg",
    "original_title": "Scary Movie",
    "vote_average": "6.4",
    "vote_count": 7162,
    "certification": "16",
    "adult": false,
    "keywords": [
      "ensino médio",
      "psicopata",
      "garagem",
      "sátira",
      "paródia",
      "humor grosseiro",
      "paródia",
      "paródia de terror",
      "drogas",
      "pós-créditos stinger",
      "satírico",
      "paródia de terror",
      "divertido"
    ]
  },
  {
    "id": "4c5f457e-f088-4c78-b303-6f2de8079826",
    "title": "Luta Pela Fé: A História do Padre Stu",
    "year": 2022,
    "director": "Rosalind Ross",
    "genres": [
      "Drama"
    ],
    "streamingPlatforms": [
      "Netflix",
      "Prime Video",
      "Google Play"
    ],
    "createdAt": "2025-05-20T00:12:29.633Z",
    "updatedAt": "2025-05-20T00:19:43.032Z",
    "description": "Baseado em uma história real, Father Stu é um boxeador que vira um padre. Quando uma lesão encerra sua carreira no boxe, Stuart Long se muda para Los Angeles sonhando em virar um ator. Enquanto trabalha como balconista de supermercado, ele conhece Carmen, uma professora católica. Determinado a conquistá-la, o agnóstico de longa data começa a ir à igreja para impressioná-la. Mas sobreviver a um terrível acidente de motocicleta o deixa imaginando se ele pode usar sua segunda chance para ajudar os outros a encontrar o caminho, levando à surpreendente percepção de que ele deveria ser um padre católico.",
    "thumbnail": "https://image.tmdb.org/t/p/w500/hgbPZfE7kIB8QXppksiexuZKoE2.jpg",
    "original_title": "Father Stu",
    "vote_average": "7.1",
    "vote_count": 653,
    "certification": "12",
    "adult": false,
    "keywords": [
      "história real",
      "biografia",
      "fé",
      "religião",
      "boxe",
      "sacerdote",
      "doença",
      "superação",
      "inspiração",
      "sofrimento"
    ]
  },
  {
    "id": "af2e4c3d-0d16-4a03-abb0-f518f9d43d23",
    "title": "De Volta para o Futuro",
    "year": 1985,
    "director": " Robert Zemeckis",
    "genres": [
      "Aventura",
      "Comédia",
      "Ficção Científica"
    ],
    "streamingPlatforms": [
      "Prime Video"
    ],
    "createdAt": "2025-05-05T00:12:06.641Z",
    "updatedAt": "2025-05-21T17:56:41.883Z",
    "description": "Este clássico de aventura e comédia é perfeito para evocar a nostalgia dos anos 80. A história de Marty McFly viajando no tempo em um DeLorean traz humor, energia positiva e uma trilha sonora icônica, remetendo à infância ou início da adolescência. É leve, divertido e cheio de boas lembranças para quem cresceu nessa época.",
    "thumbnail": "https://image.tmdb.org/t/p/w500/JoAiVdWmz8XFA9rl43EtjT8ipn.jpg",
    "original_title": "Back to the Future",
    "vote_average": "8.3",
    "vote_count": 20496,
    "certification": "L",
    "adult": false,
    "keywords": [
      "carro voador",
      "corrida contra o tempo",
      "torre do relógio",
      "corrida de carros",
      "raio",
      "guitarra",
      "plutônio",
      "inventor",
      "jornada no passado",
      "invenção",
      "viagem no tempo",
      "intimidação",
      "cientista louco",
      "amor",
      "peixe fora d'água",
      "terrorismo",
      "amor adolescente",
      "destino",
      "nostálgico",
      "identidade oculta",
      "vida adolescente",
      "mudando o passado ou o futuro",
      "década de 1950",
      "cheio de suspense",
      "divertido",
      "eufórico",
      "otimista",
      "científico louco"
    ]
  },
  {
    "id": "5ed3039c-f9b1-4780-a38a-da22e073776c",
    "title": "Matrix",
    "year": 1999,
    "director": "Lana Wachowski, Lilly Wachowski",
    "genres": [
      "Ação",
      "Ficção Científica"
    ],
    "streamingPlatforms": [
      "Prime Video",
      "Max",
      "Google Play",
      "Microsoft Store"
    ],
    "createdAt": "2025-05-08T23:41:32.240Z",
    "updatedAt": "2025-05-21T17:57:02.185Z",
    "description": "Thomas Anderson, um jovem programador de computador que mora em um cubículo escuro, é atormentado por estranhos pesadelos nos quais encontra-se conectado por cabos e contra sua vontade, em um imenso sistema de computadores do futuro. Em todas essas ocasiões, acorda gritando no exato momento em que os eletrodos estão para penetrar em seu cérebro. À medida que o sonho se repete, Anderson começa a ter dúvidas sobre a realidade. Por meio do encontro com os misteriosos Morpheus e Trinity, Thomas descobre que é, assim como outras pessoas, vítima da Matrix, um sistema inteligente e artificial que manipula a mente das pessoas, criando a ilusão de um mundo real enquanto usa os cérebros e corpos dos indivíduos para produzir energia. Morpheus, entretanto, está convencido de que Thomas é Neo, o aguardado messias capaz de enfrentar a Matrix e conduzir as pessoas de volta à realidade e à liberdade.",
    "thumbnail": "https://image.tmdb.org/t/p/w500/qFHE09iQDbpHUBXJ8cFZu9v2ViO.jpg",
    "original_title": "The Matrix",
    "vote_average": "8.2",
    "vote_count": 26344,
    "certification": "12",
    "adult": false,
    "keywords": [
      "homem vs máquina",
      "artes marciais",
      "sonhos",
      "inteligência artificial (i.a.)",
      "salvando o mundo",
      "hacker",
      "auto-sacrifício",
      "realidade virtual",
      "lutar",
      "profecia",
      "verdade",
      "filosofia",
      "distopia",
      "insurgência",
      "realidade simulada",
      "cyberpunk",
      "mundo dos sonhos",
      "messias",
      "herói de ação",
      "gnosticismo",
      "esperançoso",
      "alegoria da caverna"
    ]
  },
  {
    "id": "1fd5e734-dba9-4c76-a35c-f90194631c77",
    "title": "2001: Uma Odisseia no Espaço",
    "year": 1968,
    "director": "Stanley Kubrick",
    "genres": [
      "Ficção Científica",
      "Mistério",
      "Aventura"
    ],
    "streamingPlatforms": [
      "Max",
      "Prime Video",
      "Google Play",
      "Microsoft Store"
    ],
    "createdAt": "2025-05-19T01:18:20.737Z",
    "updatedAt": "2025-05-21T17:58:27.031Z",
    "description": "Desde a “Aurora do Homem” (a pré-história), um misterioso monólito negro parece emitir sinais de outra civilização, assim interferindo no nosso planeta. Quatro milhões de anos depois, no século XXI, uma equipe de astronautas liderados pelo experiente David Bowman e Frank Poole é enviada ao planeta Júpiter para investigar o enigmático monólito na nave Discovery, totalmente controlada pelo computador HAL-9000. Entretanto, no meio da viagem, HAL-9000 entra em pane e tenta assumir o controle da nave, eliminando um a um os tripulantes.",
    "thumbnail": "https://image.tmdb.org/t/p/w500/pVCmLuATJ0lQs4Vx1zUJUN0if2A.jpg",
    "original_title": "2001: A Space Odyssey",
    "vote_average": "8.1",
    "vote_count": 11823,
    "certification": "L",
    "adult": false,
    "keywords": [
      "homem vs máquina",
      "lua",
      "Júpiter",
      "inteligência artificial (i.a.)",
      "baseado em romance ou livro",
      "tecnologia",
      "supercomputador",
      "viagem espacial",
      "missão espacial",
      "base lunar",
      "astronauta",
      "evolução",
      "monólito",
      "estação espacial",
      "ópera espacial",
      "filosófico",
      "complexo",
      "anos 2000",
      "aborrecido",
      "grande",
      "rebelião da IA",
      "tenso",
      "audacioso",
      "perplexo",
      "excitado"
    ]
  },
  {
    "id": "bbf70720-9376-479a-bd4e-decea874522b",
    "title": "Blade Runner: O Caçador de Andróides",
    "year": 1982,
    "director": "Ridley Scott",
    "genres": [
      "Ficção Científica",
      "Drama",
      "Thriller"
    ],
    "streamingPlatforms": [
      "Prime Video",
      "Google Play",
      "Microsoft Store"
    ],
    "createdAt": "2025-05-19T19:09:02.580Z",
    "updatedAt": "2025-05-21T17:59:00.733Z",
    "description": "No início do século 21, uma grande corporação desenvolve um robô que é mais forte e ágil que o ser humano e se equiparando em inteligência. São conhecidos como \"replicantes\" e utilizados como escravos na colonização e exploração de outros planetas. Mas, quando um grupo dos robôs mais evoluídos provoca um motim em uma colônia fora da Terra, este incidente faz os replicantes serem considerados ilegais na Terra, sob pena de morte. A partir de então, policiais de um esquadrão de elite conhecidos como \"Blade Runner\", têm ordem de atirar para matar em replicantes encontrados na Terra. Mas tal ato não é chamado de \"execução\" e sim de \"remoção\". Até que, em novembro de 2019, em Los Angeles, quando cinco replicantes chegam à Terra, o ex-Blade Runner, Deckard, é encarregado de caçá-los.",
    "thumbnail": "https://image.tmdb.org/t/p/w500/iMlqdLeNYI2I63q7Fd2nvRbTCG9.jpg",
    "original_title": "Blade Runner",
    "vote_average": "7.9",
    "vote_count": 14128,
    "certification": "14",
    "adult": false,
    "keywords": [
      "andróide",
      "carro voador",
      "caçador de recompensas",
      "inteligência artificial (i.a.)",
      "genética",
      "baseado em romance ou livro",
      "distopia",
      "melancolia",
      "futurista",
      "fugitivo",
      "cyberpunk",
      "Los Angeles, Califórnia",
      "alcoólico",
      "tecnologia noir",
      "meditativo",
      "neo-noir",
      "clonagem humana",
      "Blade Runner",
      "década de 2010",
      "introspectivo"
    ]
  }
]