[
  {
    "id": 1,
    "journeyOptionFlowId": 21,
    "movieId": "e8d98433-e216-4221-aa75-cb95b92756cf",
    "reason": "Atualizar",
    "relevance": 1,
    "createdAt": "2025-05-07T13:30:53.665Z",
    "updatedAt": "2025-05-07T14:28:34.498Z"
  },
  {
    "id": 2,
    "journeyOptionFlowId": 49,
    "movieId": "e8d98433-e216-4221-aa75-cb95b92756cf",
    "reason": "Atualizar",
    "relevance": 1,
    "createdAt": "2025-05-07T13:30:53.665Z",
    "updatedAt": "2025-05-07T14:28:34.694Z"
  },
  {
    "id": 3,
    "journeyOptionFlowId": 20,
    "movieId": "af2e4c3d-0d16-4a03-abb0-f518f9d43d23",
    "reason": "Teste de inserção",
    "relevance": 1,
    "createdAt": "2025-05-07T14:04:09.917Z",
    "updatedAt": "2025-05-07T14:28:34.764Z"
  },
  {
    "id": 4,
    "journeyOptionFlowId": 49,
    "movieId": "af2e4c3d-0d16-4a03-abb0-f518f9d43d23",
    "reason": "Teste de inserção",
    "relevance": 1,
    "createdAt": "2025-05-07T14:20:03.630Z",
    "updatedAt": "2025-05-07T14:28:34.832Z"
  },
  {
    "id": 5,
    "journeyOptionFlowId": 21,
    "movieId": "47171a28-9b5d-455a-b248-0a2235100d59",
    "reason": "Teste após reset da sequência",
    "relevance": 1,
    "createdAt": "2025-05-07T14:34:59.062Z",
    "updatedAt": "2025-05-07T14:34:59.062Z"
  },
  {
    "id": 6,
    "journeyOptionFlowId": 17,
    "movieId": "e8d98433-e216-4221-aa75-cb95b92756cf",
    "reason": "teste",
    "relevance": 1,
    "createdAt": "2025-05-07T23:30:48.311Z",
    "updatedAt": "2025-05-07T00:00:00.000Z"
  },
  {
    "id": 17,
    "journeyOptionFlowId": 23,
    "movieId": "807556d9-cd11-4b40-a550-936bbcce5d03",
    "reason": "Em meio ao gelo da desilusão, o calor da falsa realidade os aqueceu. Sob a farsa, descobriram a verdade do amor. .",
    "relevance": 1,
    "createdAt": "2025-05-08T20:10:35.256Z",
    "updatedAt": "2025-05-08T20:10:35.256Z"
  },
  {
    "id": 18,
    "journeyOptionFlowId": 23,
    "movieId": "a96d5944-0e7c-4aac-904b-856eede2d2f7",
    "reason": "Em meio ao caos da vida profissional, o amor é a chave para encontrar o equilíbrio. Num cenário de comédia romântica, a conexão humana transforma o ambiente corporativo. Ame, sorria, viva.",
    "relevance": 1,
    "createdAt": "2025-05-08T20:10:36.925Z",
    "updatedAt": "2025-05-08T20:10:36.925Z"
  },
  {
    "id": 19,
    "journeyOptionFlowId": 23,
    "movieId": "19ffdf3f-2d33-4e4a-a5dd-b94d82decf53",
    "reason": "O amor não escolhe idade, mas sim conexão e coragem para enfrentar desafios. Quebrando tabus e vivendo intensamente, a história nos lembra que a verdadeira paixão não tem barreiras.",
    "relevance": 1,
    "createdAt": "2025-05-08T20:10:38.754Z",
    "updatedAt": "2025-05-08T20:10:38.754Z"
  },
  {
    "id": 21,
    "journeyOptionFlowId": 23,
    "movieId": "ff45ec3d-0f34-4f6a-89c9-940da5bd42bb",
    "reason": "A história mostra como a coragem de ser quem somos pode transformar vidas e trazer amor inesperado, mesmo em meio ao caos e perigo. A verdade sempre prevalece.",
    "relevance": 1,
    "createdAt": "2025-05-08T20:49:29.216Z",
    "updatedAt": "2025-05-08T20:49:29.216Z"
  },
  {
    "id": 25,
    "journeyOptionFlowId": 5,
    "movieId": "5ed3039c-f9b1-4780-a38a-da22e073776c",
    "reason": "Despertar para a verdade é desafiar a ilusão, lutar pela liberdade e encontrar a coragem para ser quem realmente somos. A jornada da descoberta transforma o destino.",
    "relevance": 1,
    "createdAt": "2025-05-08T23:41:32.328Z",
    "updatedAt": "2025-05-08T23:41:32.328Z"
  },
  {
    "id": 27,
    "journeyOptionFlowId": 54,
    "movieId": "ccefbd4b-621b-453f-bf8e-e586f23a22e6",
    "reason": "No universo da família que escolhemos, descobrimos que a verdadeira força está em unir nossas diferenças para enfrentar os desafios juntos. Juntos, somos invencíveis. .",
    "relevance": 1,
    "createdAt": "2025-05-09T22:44:31.094Z",
    "updatedAt": "2025-05-09T22:44:31.094Z"
  },
  {
    "id": 26,
    "journeyOptionFlowId": 52,
    "movieId": "2068cc48-bdaf-46bd-9950-b0cbc15265e6",
    "reason": "Nossas ações podem mudar vidas e nos redimir de nossos próprios sofrimentos. O amor e a empatia são poderosos catalisadores de transformação. A vida nos reserva surpresas e oportunidades de redenção.",
    "relevance": 1,
    "createdAt": "2025-05-09T22:44:28.713Z",
    "updatedAt": "2025-05-09T22:50:57.608Z"
  },
  {
    "id": 28,
    "journeyOptionFlowId": 54,
    "movieId": "d1debd01-3dfb-4f45-94b5-897ed79c169d",
    "reason": "A jornada épica da vida e do amor entre pai e filho nos faz refletir sobre a eternidade do perdão e a beleza da conexão humana. Abrace a jornada.",
    "relevance": 1,
    "createdAt": "2025-05-10T00:41:51.448Z",
    "updatedAt": "2025-05-10T00:41:51.448Z"
  },
  {
    "id": 29,
    "journeyOptionFlowId": 61,
    "movieId": "aba0b684-e1dc-4312-8750-33a45df99d59",
    "reason": "Em meio à melodia da vida, August busca nas ruas de Nova York a harmonia perdida de sua família, mostrando que o amor e a música podem unir corações distantes.",
    "relevance": 1,
    "createdAt": "2025-05-12T13:47:26.977Z",
    "updatedAt": "2025-05-12T13:47:26.977Z"
  },
  {
    "id": 30,
    "journeyOptionFlowId": 7,
    "movieId": "aba0b684-e1dc-4312-8750-33a45df99d59",
    "reason": "Em meio à melodia da vida, o encontro do talento com a saudade traz à luz a força do amor e a busca incansável pela conexão perdida. Uma sinfonia de esperança e destino.",
    "relevance": 1,
    "createdAt": "2025-05-12T13:48:22.759Z",
    "updatedAt": "2025-05-12T13:48:22.759Z"
  },
  {
    "id": 31,
    "journeyOptionFlowId": 20,
    "movieId": "4fe14513-bfde-40ff-bc2c-9d4c929bf875",
    "reason": "Através da amizade e da superação, o filme nos lembra que nunca é tarde para recomeçar e buscar nossos sonhos, mesmo que estejamos fora da nossa zona de conforto. Juntos, podemos enfrentar desafios e crescer. Ponto final.",
    "relevance": 1,
    "createdAt": "2025-05-12T21:35:20.902Z",
    "updatedAt": "2025-05-12T21:35:20.902Z"
  },
  {
    "id": 32,
    "journeyOptionFlowId": 21,
    "movieId": "f514b52f-83e8-4ca7-9b47-8835042bcee2",
    "reason": "A amizade entre gerações nos lembra que nunca é tarde para se reinventar, aprender e encontrar conexões verdadeiras na vida. .",
    "relevance": 1,
    "createdAt": "2025-05-12T21:37:12.266Z",
    "updatedAt": "2025-05-12T21:37:12.266Z"
  },
  {
    "id": 33,
    "journeyOptionFlowId": 20,
    "movieId": "d061bb12-47f5-4ace-ae36-38e1f0fef6f8",
    "reason": "Uma jornada caótica e engraçada que nos lembra da importância da amizade e da celebração da vida, mesmo nos momentos mais loucos. Viva intensamente!",
    "relevance": 1,
    "createdAt": "2025-05-12T21:37:14.695Z",
    "updatedAt": "2025-05-12T21:37:14.695Z"
  },
  {
    "id": 36,
    "journeyOptionFlowId": 138,
    "movieId": "07bd5ef6-6d39-4f4e-ad47-10f661b00433",
    "reason": "A jornada do protagonista nos lembra da importância de superar traumas e encontrar redenção através da música e do amor, mostrando que é possível transformar dor em arte. Brilhe intensamente.",
    "relevance": 1,
    "createdAt": "2025-05-19T00:24:08.616Z",
    "updatedAt": "2025-05-19T00:24:08.616Z"
  },
  {
    "id": 37,
    "journeyOptionFlowId": 138,
    "movieId": "dab53a3b-29e3-451b-9d54-210f9006dd06",
    "reason": "A busca pela verdade revela segredos obscuros e a fragilidade das relações. O peso das escolhas passadas ecoa na paranóia do presente. Uma dança de sombras e mistérios.",
    "relevance": 1,
    "createdAt": "2025-05-19T00:24:11.015Z",
    "updatedAt": "2025-05-19T00:24:11.015Z"
  },
  {
    "id": 40,
    "journeyOptionFlowId": 138,
    "movieId": "e1d425d5-84bd-4cf5-91ff-e8f20291b62d",
    "reason": "Explorando a beleza da simplicidade e a conexão entre culturas, o filme nos leva a refletir sobre a importância de compreender e respeitar as diferenças. Uma jornada emocional e enriquecedora.",
    "relevance": 1,
    "createdAt": "2025-05-19T01:03:41.746Z",
    "updatedAt": "2025-05-19T01:03:41.746Z"
  },
  {
    "id": 41,
    "journeyOptionFlowId": 138,
    "movieId": "fda81aa0-94d2-4f70-a9bf-41bbcf934671",
    "reason": "Uma jornada de vingança e redenção, que revela a complexidade do ser humano diante do ódio e da cultura. A busca pela paz interior é tão intensa quanto a busca pela sobrevivência.",
    "relevance": 1,
    "createdAt": "2025-05-19T01:03:43.997Z",
    "updatedAt": "2025-05-19T01:03:43.997Z"
  },
  {
    "id": 42,
    "journeyOptionFlowId": 138,
    "movieId": "7dacf4a4-744e-44d5-9717-ab6e43ef7d15",
    "reason": "Na dualidade entre a paixão e o medo, o amor floresce sob a sombra do desconhecido, revelando a força da conexão em meio à adversidade. .",
    "relevance": 1,
    "createdAt": "2025-05-19T01:03:46.304Z",
    "updatedAt": "2025-05-19T01:03:46.304Z"
  },
  {
    "id": 43,
    "journeyOptionFlowId": 138,
    "movieId": "064cfcd1-fc46-462b-8932-f32477405de8",
    "reason": "Em meio à crueldade e manipulação, a busca por redenção e esperança revela a verdadeira natureza humana. A jornada de Grace nos lembra da força e da fragilidade de nossas escolhas. Ponto final.",
    "relevance": 1,
    "createdAt": "2025-05-19T01:15:32.658Z",
    "updatedAt": "2025-05-19T01:15:32.658Z"
  },
  {
    "id": 44,
    "journeyOptionFlowId": 138,
    "movieId": "1fd5e734-dba9-4c76-a35c-f90194631c77",
    "reason": "Explorando os limites da evolução e da inteligência artificial, somos confrontados com a dualidade do progresso: a maravilha da tecnologia e o desafio da ética. Em meio ao desconhecido, encontramos a nós mesmos.",
    "relevance": 1,
    "createdAt": "2025-05-19T01:18:20.808Z",
    "updatedAt": "2025-05-19T01:18:20.808Z"
  },
  {
    "id": 45,
    "journeyOptionFlowId": 138,
    "movieId": "74fb5e1e-e486-4c03-bbeb-7c4759cd72cc",
    "reason": "Às vezes, nossa busca incessante pelo passado nos leva a descobertas surpreendentes sobre nós mesmos. O amor, a obsessão e a revelação se entrelaçam em uma trama intrigante e emocionante. A vida é cheia de mistérios.",
    "relevance": 1,
    "createdAt": "2025-05-19T17:32:09.647Z",
    "updatedAt": "2025-05-19T17:32:09.647Z"
  },
  {
    "id": 46,
    "journeyOptionFlowId": 138,
    "movieId": "6e6526ff-4411-478d-af4d-13a48cc25234",
    "reason": "Em um intricado labirinto de sonhos e realidades, somos desafiados a questionar nossa percepção da verdade e da mente humana. A jornada de redenção nos leva a explorar os limites da nossa própria realidade.",
    "relevance": 1,
    "createdAt": "2025-05-19T17:40:32.833Z",
    "updatedAt": "2025-05-19T17:40:32.833Z"
  },
  {
    "id": 48,
    "journeyOptionFlowId": 138,
    "movieId": "5bf0820b-5810-4545-b228-ba495aa7ffc3",
    "reason": "Uma mistura intensa de suspense, humor negro e crítica social, revelando como o preconceito pode se manifestar de maneiras perturbadoras. Uma jornada que nos faz repensar nossas próprias crenças.",
    "relevance": 1,
    "createdAt": "2025-05-19T17:45:49.845Z",
    "updatedAt": "2025-05-19T17:45:49.845Z"
  },
  {
    "id": 39,
    "journeyOptionFlowId": 148,
    "movieId": "dc632a5c-4ab4-4e4e-93a5-61638e7c8301",
    "reason": "Através de dor e superação, a protagonista encontra sua voz e força interior para romper com a opressão, inspirando a todos a lutar por liberdade e justiça. Juntos, podemos quebrar correntes.",
    "relevance": 1,
    "createdAt": "2025-05-19T00:30:11.265Z",
    "updatedAt": "2025-05-19T19:45:00.267Z"
  },
  {
    "id": 38,
    "journeyOptionFlowId": 148,
    "movieId": "dd24e43e-7ab5-4a5c-b312-0ee5564409ce",
    "reason": "Em meio à traição e segredos, o amor floresce entre vizinhos conectados pela dor. Um retrato tocante da busca pela felicidade em meio à adversidade.",
    "relevance": 1,
    "createdAt": "2025-05-19T00:27:17.500Z",
    "updatedAt": "2025-05-19T20:06:03.031Z"
  },
  {
    "id": 47,
    "journeyOptionFlowId": 148,
    "movieId": "cf16eea9-9ea6-49cb-aa18-4c66976551ab",
    "reason": "Em um labirinto de memórias distorcidas, a busca pela verdade revela camadas profundas da mente humana. O suspense nos convida a questionar a realidade e a própria identidade. Fascinante.",
    "relevance": 1,
    "createdAt": "2025-05-19T17:40:35.297Z",
    "updatedAt": "2025-05-19T20:06:48.343Z"
  },
  {
    "id": 49,
    "journeyOptionFlowId": 138,
    "movieId": "539cd2a4-990a-4c32-9181-3dfa5b5a364d",
    "reason": "Sob a pressão da chantagem, Charles e Lucinda enfrentam a redescoberta da verdadeira essência de seus relacionamentos, revelando a força e vulnerabilidade presentes em cada escolha. A vida nos testa, mas o amor prevalece.",
    "relevance": 1,
    "createdAt": "2025-05-19T17:48:12.970Z",
    "updatedAt": "2025-05-19T17:48:12.970Z"
  },
  {
    "id": 50,
    "journeyOptionFlowId": 138,
    "movieId": "d423ec02-d5de-4c37-b45e-990d4323c564",
    "reason": "A cegueira não limita a escuridão que reside dentro de nós. A verdadeira visão é enxergar além das aparências e enfrentar nossos medos mais profundos.",
    "relevance": 1,
    "createdAt": "2025-05-19T17:52:12.725Z",
    "updatedAt": "2025-05-19T17:52:12.725Z"
  },
  {
    "id": 51,
    "journeyOptionFlowId": 153,
    "movieId": "d8094d54-47e0-4fb3-9501-7b026be3d69f",
    "reason": "Em um cenário de violência e redenção, a busca por justiça revela a complexidade do ser humano diante de escolhas difíceis e consequências inevitáveis. Um retrato profundo da alma humana.",
    "relevance": 1,
    "createdAt": "2025-05-19T18:50:51.862Z",
    "updatedAt": "2025-05-19T19:00:36.851Z"
  },
  {
    "id": 52,
    "journeyOptionFlowId": 154,
    "movieId": "030a51db-5963-4842-88a4-fd57b1b4713c",
    "reason": "Em meio à guerra e insanidade, a jornada revela a brutalidade da humanidade e a descida à loucura. Uma experiência angustiante e surreal, marcada pela busca da verdade. .",
    "relevance": 1,
    "createdAt": "2025-05-19T18:50:54.588Z",
    "updatedAt": "2025-05-19T19:05:18.195Z"
  },
  {
    "id": 53,
    "journeyOptionFlowId": 149,
    "movieId": "bbf70720-9376-479a-bd4e-decea874522b",
    "reason": "A busca pela humanidade em seres artificiais revela a fragilidade da alma humana e a beleza da empatia, nos lembrando que a verdadeira essência está além da matéria.",
    "relevance": 1,
    "createdAt": "2025-05-19T19:09:02.646Z",
    "updatedAt": "2025-05-19T19:11:11.638Z"
  },
  {
    "id": 35,
    "journeyOptionFlowId": 148,
    "movieId": "c7b5c880-229d-4d1a-9fab-8e8098cb94fa",
    "reason": "Entre a busca pela identidade e a redescoberta do passado, a jornada de Rusty James nos mostra que a verdadeira força está na superação das expectativas e na aceitação das mudanças. A vida é um constante fluxo de transformação e aprendizado.",
    "relevance": 1,
    "createdAt": "2025-05-19T00:24:06.433Z",
    "updatedAt": "2025-05-19T19:21:05.657Z"
  },
  {
    "id": 54,
    "journeyOptionFlowId": 151,
    "movieId": "c7b5c880-229d-4d1a-9fab-8e8098cb94fa",
    "reason": "Entre a busca pela identidade e a redescoberta do passado, a jornada de Rusty James nos mostra que a verdadeira força está na superação das expectativas e na aceitação das mudanças. A vida é um constante fluxo de transformação e aprendizado.",
    "relevance": 1,
    "createdAt": "2025-05-19T19:29:53.644Z",
    "updatedAt": "2025-05-19T19:28:59.935Z"
  },
  {
    "id": 55,
    "journeyOptionFlowId": 155,
    "movieId": "c7b5c880-229d-4d1a-9fab-8e8098cb94fa",
    "reason": "Entre a busca pela identidade e a redescoberta do passado, a jornada de Rusty James nos mostra que a verdadeira força está na superação das expectativas e na aceitação das mudanças. A vida é um constante fluxo de transformação e aprendizado.",
    "relevance": 1,
    "createdAt": "2025-05-19T19:37:10.766Z",
    "updatedAt": "2025-05-19T19:36:36.946Z"
  },
  {
    "id": 56,
    "journeyOptionFlowId": 138,
    "movieId": "4c5f457e-f088-4c78-b303-6f2de8079826",
    "reason": "Uma jornada de superação e redescoberta, mostrando como a fé e o amor podem transformar vidas e nos levar ao nosso verdadeiro propósito. Acreditar é o primeiro passo.",
    "relevance": 1,
    "createdAt": "2025-05-20T00:12:29.714Z",
    "updatedAt": "2025-05-20T00:12:29.714Z"
  }
]