[
  {
    "id": 14,
    "name": "Sozinho(a)",
    "description": null,
    "keywords": [
      "solidão",
      "isolamento",
      "abandono",
      "desamparo",
      "alienação",
      "solitário",
      "afastado",
      "sem companhia",
      "incompreendido"
    ],
    "mainSentimentId": 14,
    "createdAt": "2025-05-06T19:16:59.330Z",
    "updatedAt": "2025-05-19T21:19:59.221Z"
  },
  {
    "id": 16,
    "name": "Nostálgico(a) (Triste)",
    "description": null,
    "keywords": [
      "saudade",
      "lembranças tristes",
      "passado doloroso",
      "memória amarga",
      "velhos tempos (tristes)",
      "recordação dolorosa",
      "anseio pelo passado (perdido)"
    ],
    "mainSentimentId": 14,
    "createdAt": "2025-05-19T21:25:26.071Z",
    "updatedAt": "2025-05-19T21:25:07.117Z"
  },
  {
    "id": 17,
    "name": "Decepcionado(a)",
    "description": null,
    "keywords": [
      "decepção",
      "desilusão",
      "frustração",
      "desapontamento",
      "expectativas frustradas",
      "traição",
      "engano",
      "amargura"
    ],
    "mainSentimentId": 14,
    "createdAt": "2025-05-19T21:28:28.080Z",
    "updatedAt": "2025-05-19T21:28:16.414Z"
  },
  {
    "id": 18,
    "name": "Vazio(a)",
    "description": null,
    "keywords": [
      "vazio emocional",
      "apatia",
      "indiferença (negativa)",
      "falta de sentido",
      "entorpecimento",
      "ausência de emoção",
      "inércia"
    ],
    "mainSentimentId": 14,
    "createdAt": "2025-05-19T21:30:24.064Z",
    "updatedAt": "2025-05-19T21:30:10.498Z"
  },
  {
    "id": 19,
    "name": "Emotivo(a) (Triste)",
    "description": null,
    "keywords": [
      "sensível",
      "choroso",
      "vulnerável",
      "comovente",
      "tocante (triste)",
      "sentimental (triste)",
      "precisando liberar emoção"
    ],
    "mainSentimentId": 14,
    "createdAt": "2025-05-19T21:31:46.828Z",
    "updatedAt": "2025-05-19T21:31:32.239Z"
  }
]